SCREEN_ID,PUBLICATION_ID,SOURCE_TYPE,SOURCE_ID,PUBLICATION_URL,EVIDENCE_STATUS
2493,1173,pubmed,39681701,https://orcs.thebiogrid.org/Dataset/1173,direct website browse association; cached source identity
2492,1173,pubmed,39681701,https://orcs.thebiogrid.org/Dataset/1173,direct website browse association; cached source identity
2491,1173,pubmed,39681701,https://orcs.thebiogrid.org/Dataset/1173,direct website browse association; cached source identity
2490,1173,pubmed,39681701,https://orcs.thebiogrid.org/Dataset/1173,direct website browse association; cached source identity
2488,1173,pubmed,39681701,https://orcs.thebiogrid.org/Dataset/1173,direct website browse association; cached source identity
2487,1178,pubmed,37883554,https://orcs.thebiogrid.org/Dataset/1178,direct website browse association; cached source identity
2486,1178,pubmed,37883554,https://orcs.thebiogrid.org/Dataset/1178,direct website browse association; cached source identity
2485,1178,pubmed,37883554,https://orcs.thebiogrid.org/Dataset/1178,direct website browse association; cached source identity
2484,957,pubmed,37758944,https://orcs.thebiogrid.org/Dataset/957,direct website browse association; cached source identity
2483,957,pubmed,37758944,https://orcs.thebiogrid.org/Dataset/957,direct website browse association; cached source identity
2482,1161,pubmed,40813572,https://orcs.thebiogrid.org/Dataset/1161,direct website browse association; cached source identity
2481,1161,pubmed,40813572,https://orcs.thebiogrid.org/Dataset/1161,direct website browse association; cached source identity
2480,1161,pubmed,40813572,https://orcs.thebiogrid.org/Dataset/1161,direct website browse association; cached source identity
2479,1161,pubmed,40813572,https://orcs.thebiogrid.org/Dataset/1161,direct website browse association; cached source identity
2478,1170,pubmed,36920967,https://orcs.thebiogrid.org/Dataset/1170,direct website browse association; cached source identity
2477,1169,pubmed,37059858,https://orcs.thebiogrid.org/Dataset/1169,direct website browse association; cached source identity
2476,1161,pubmed,40813572,https://orcs.thebiogrid.org/Dataset/1161,direct website browse association; cached source identity
2475,1168,pubmed,36543916,https://orcs.thebiogrid.org/Dataset/1168,direct website browse association; cached source identity
2474,1167,pubmed,36476853,https://orcs.thebiogrid.org/Dataset/1167,direct website browse association; cached source identity
2473,1162,pubmed,40852982,https://orcs.thebiogrid.org/Dataset/1162,direct website browse association; cached source identity
2472,1166,pubmed,40899441,https://orcs.thebiogrid.org/Dataset/1166,direct website browse association; cached source identity
2471,1166,pubmed,40899441,https://orcs.thebiogrid.org/Dataset/1166,direct website browse association; cached source identity
2470,1166,pubmed,40899441,https://orcs.thebiogrid.org/Dataset/1166,direct website browse association; cached source identity
2469,1165,prepub,10.1101/2025.08.26.672429,https://orcs.thebiogrid.org/Dataset/1165,direct website browse association; cached source identity
2468,1160,pubmed,36693839,https://orcs.thebiogrid.org/Dataset/1160,direct website browse association; cached source identity
2467,1160,pubmed,36693839,https://orcs.thebiogrid.org/Dataset/1160,direct website browse association; cached source identity
2466,1153,pubmed,36971544,https://orcs.thebiogrid.org/Dataset/1153,direct website browse association; cached source identity
2465,1153,pubmed,36971544,https://orcs.thebiogrid.org/Dataset/1153,direct website browse association; cached source identity
2464,1150,pubmed,37024475,https://orcs.thebiogrid.org/Dataset/1150,direct website browse association; cached source identity
2463,1147,pubmed,37075745,https://orcs.thebiogrid.org/Dataset/1147,direct website browse association; cached source identity
2462,1145,pubmed,36652375,https://orcs.thebiogrid.org/Dataset/1145,direct website browse association; cached source identity
2461,1145,pubmed,36652375,https://orcs.thebiogrid.org/Dataset/1145,direct website browse association; cached source identity
2460,1145,pubmed,36652375,https://orcs.thebiogrid.org/Dataset/1145,direct website browse association; cached source identity
2459,1145,pubmed,36652375,https://orcs.thebiogrid.org/Dataset/1145,direct website browse association; cached source identity
2458,1142,pubmed,36725334,https://orcs.thebiogrid.org/Dataset/1142,direct website browse association; cached source identity
2457,1142,pubmed,36725334,https://orcs.thebiogrid.org/Dataset/1142,direct website browse association; cached source identity
2456,1141,pubmed,36725843,https://orcs.thebiogrid.org/Dataset/1141,direct website browse association; cached source identity
2455,1135,pubmed,36801923,https://orcs.thebiogrid.org/Dataset/1135,direct website browse association; cached source identity
2454,1134,pubmed,36894612,https://orcs.thebiogrid.org/Dataset/1134,direct website browse association; cached source identity
2453,1122,pubmed,33657372,https://orcs.thebiogrid.org/Dataset/1122,direct website browse association; cached source identity
2452,1122,pubmed,33657372,https://orcs.thebiogrid.org/Dataset/1122,direct website browse association; cached source identity
2451,1122,pubmed,33657372,https://orcs.thebiogrid.org/Dataset/1122,direct website browse association; cached source identity
2450,1122,pubmed,33657372,https://orcs.thebiogrid.org/Dataset/1122,direct website browse association; cached source identity
2449,1131,pubmed,40632661,https://orcs.thebiogrid.org/Dataset/1131,direct website browse association; cached source identity
2448,1128,pubmed,40667754,https://orcs.thebiogrid.org/Dataset/1128,direct website browse association; cached source identity
2447,1128,pubmed,40667754,https://orcs.thebiogrid.org/Dataset/1128,direct website browse association; cached source identity
2446,1127,pubmed,40683967,https://orcs.thebiogrid.org/Dataset/1127,direct website browse association; cached source identity
2445,1123,pubmed,34644148,https://orcs.thebiogrid.org/Dataset/1123,direct website browse association; cached source identity
2444,875,pubmed,33156908,https://orcs.thebiogrid.org/Dataset/875,direct website browse association; cached source identity
2443,875,pubmed,33156908,https://orcs.thebiogrid.org/Dataset/875,direct website browse association; cached source identity
2442,1120,pubmed,30532030,https://orcs.thebiogrid.org/Dataset/1120,direct website browse association; cached source identity
2441,1120,pubmed,30532030,https://orcs.thebiogrid.org/Dataset/1120,direct website browse association; cached source identity
2440,1120,pubmed,30532030,https://orcs.thebiogrid.org/Dataset/1120,direct website browse association; cached source identity
2439,1119,pubmed,40372436,https://orcs.thebiogrid.org/Dataset/1119,direct website browse association; cached source identity
2438,1119,pubmed,40372436,https://orcs.thebiogrid.org/Dataset/1119,direct website browse association; cached source identity
2437,1119,pubmed,40372436,https://orcs.thebiogrid.org/Dataset/1119,direct website browse association; cached source identity
2436,1119,pubmed,40372436,https://orcs.thebiogrid.org/Dataset/1119,direct website browse association; cached source identity
2435,1119,pubmed,40372436,https://orcs.thebiogrid.org/Dataset/1119,direct website browse association; cached source identity
2434,1119,pubmed,40372436,https://orcs.thebiogrid.org/Dataset/1119,direct website browse association; cached source identity
2433,1119,pubmed,40372436,https://orcs.thebiogrid.org/Dataset/1119,direct website browse association; cached source identity
2432,1119,pubmed,40372436,https://orcs.thebiogrid.org/Dataset/1119,direct website browse association; cached source identity
2431,1119,pubmed,40372436,https://orcs.thebiogrid.org/Dataset/1119,direct website browse association; cached source identity
2430,1119,pubmed,40372436,https://orcs.thebiogrid.org/Dataset/1119,direct website browse association; cached source identity
2429,1119,pubmed,40372436,https://orcs.thebiogrid.org/Dataset/1119,direct website browse association; cached source identity
2428,1119,pubmed,40372436,https://orcs.thebiogrid.org/Dataset/1119,direct website browse association; cached source identity
2427,712,pubmed,35113687,https://orcs.thebiogrid.org/Dataset/712,direct website browse association; cached source identity
2426,712,pubmed,35113687,https://orcs.thebiogrid.org/Dataset/712,direct website browse association; cached source identity
2425,712,pubmed,35113687,https://orcs.thebiogrid.org/Dataset/712,direct website browse association; cached source identity
2424,712,pubmed,35113687,https://orcs.thebiogrid.org/Dataset/712,direct website browse association; cached source identity
2423,712,pubmed,35113687,https://orcs.thebiogrid.org/Dataset/712,direct website browse association; cached source identity
2422,712,pubmed,35113687,https://orcs.thebiogrid.org/Dataset/712,direct website browse association; cached source identity
2421,712,pubmed,35113687,https://orcs.thebiogrid.org/Dataset/712,direct website browse association; cached source identity
2420,1113,pubmed,36920785,https://orcs.thebiogrid.org/Dataset/1113,direct website browse association; cached source identity
2419,1113,pubmed,36920785,https://orcs.thebiogrid.org/Dataset/1113,direct website browse association; cached source identity
2418,1109,pubmed,37036970,https://orcs.thebiogrid.org/Dataset/1109,direct website browse association; cached source identity
2417,1109,pubmed,37036970,https://orcs.thebiogrid.org/Dataset/1109,direct website browse association; cached source identity
2416,1109,pubmed,37036970,https://orcs.thebiogrid.org/Dataset/1109,direct website browse association; cached source identity
2415,1109,pubmed,37036970,https://orcs.thebiogrid.org/Dataset/1109,direct website browse association; cached source identity
2414,1109,pubmed,37036970,https://orcs.thebiogrid.org/Dataset/1109,direct website browse association; cached source identity
2412,1107,pubmed,34879274,https://orcs.thebiogrid.org/Dataset/1107,direct website browse association; cached source identity
2411,1107,pubmed,34879274,https://orcs.thebiogrid.org/Dataset/1107,direct website browse association; cached source identity
2410,1106,pubmed,36744886,https://orcs.thebiogrid.org/Dataset/1106,direct website browse association; cached source identity
2409,1106,pubmed,36744886,https://orcs.thebiogrid.org/Dataset/1106,direct website browse association; cached source identity
2408,1106,pubmed,36744886,https://orcs.thebiogrid.org/Dataset/1106,direct website browse association; cached source identity
2407,1106,pubmed,36744886,https://orcs.thebiogrid.org/Dataset/1106,direct website browse association; cached source identity
2406,1106,pubmed,36744886,https://orcs.thebiogrid.org/Dataset/1106,direct website browse association; cached source identity
2405,1106,pubmed,36744886,https://orcs.thebiogrid.org/Dataset/1106,direct website browse association; cached source identity
2404,1105,pubmed,36417855,https://orcs.thebiogrid.org/Dataset/1105,direct website browse association; cached source identity
2403,1104,pubmed,36772830,https://orcs.thebiogrid.org/Dataset/1104,direct website browse association; cached source identity
2402,1103,pubmed,36977592,https://orcs.thebiogrid.org/Dataset/1103,direct website browse association; cached source identity
2401,1099,pubmed,32028983,https://orcs.thebiogrid.org/Dataset/1099,direct website browse association; cached source identity
2400,1099,pubmed,32028983,https://orcs.thebiogrid.org/Dataset/1099,direct website browse association; cached source identity
2399,1099,pubmed,32028983,https://orcs.thebiogrid.org/Dataset/1099,direct website browse association; cached source identity
2398,1099,pubmed,32028983,https://orcs.thebiogrid.org/Dataset/1099,direct website browse association; cached source identity
2397,1099,pubmed,32028983,https://orcs.thebiogrid.org/Dataset/1099,direct website browse association; cached source identity
2396,1099,pubmed,32028983,https://orcs.thebiogrid.org/Dataset/1099,direct website browse association; cached source identity
2395,1099,pubmed,32028983,https://orcs.thebiogrid.org/Dataset/1099,direct website browse association; cached source identity
2394,1099,pubmed,32028983,https://orcs.thebiogrid.org/Dataset/1099,direct website browse association; cached source identity
2393,1099,pubmed,32028983,https://orcs.thebiogrid.org/Dataset/1099,direct website browse association; cached source identity
2392,1099,pubmed,32028983,https://orcs.thebiogrid.org/Dataset/1099,direct website browse association; cached source identity
2391,1099,pubmed,32028983,https://orcs.thebiogrid.org/Dataset/1099,direct website browse association; cached source identity
2390,1099,pubmed,32028983,https://orcs.thebiogrid.org/Dataset/1099,direct website browse association; cached source identity
2389,1099,pubmed,32028983,https://orcs.thebiogrid.org/Dataset/1099,direct website browse association; cached source identity
2388,1099,pubmed,32028983,https://orcs.thebiogrid.org/Dataset/1099,direct website browse association; cached source identity
2387,1099,pubmed,32028983,https://orcs.thebiogrid.org/Dataset/1099,direct website browse association; cached source identity
2386,1099,pubmed,32028983,https://orcs.thebiogrid.org/Dataset/1099,direct website browse association; cached source identity
2385,1099,pubmed,32028983,https://orcs.thebiogrid.org/Dataset/1099,direct website browse association; cached source identity
2384,1099,pubmed,32028983,https://orcs.thebiogrid.org/Dataset/1099,direct website browse association; cached source identity
2383,1099,pubmed,32028983,https://orcs.thebiogrid.org/Dataset/1099,direct website browse association; cached source identity
2382,1099,pubmed,32028983,https://orcs.thebiogrid.org/Dataset/1099,direct website browse association; cached source identity
2381,1099,pubmed,32028983,https://orcs.thebiogrid.org/Dataset/1099,direct website browse association; cached source identity
2380,1099,pubmed,32028983,https://orcs.thebiogrid.org/Dataset/1099,direct website browse association; cached source identity
2379,1099,pubmed,32028983,https://orcs.thebiogrid.org/Dataset/1099,direct website browse association; cached source identity
2378,1099,pubmed,32028983,https://orcs.thebiogrid.org/Dataset/1099,direct website browse association; cached source identity
2377,1099,pubmed,32028983,https://orcs.thebiogrid.org/Dataset/1099,direct website browse association; cached source identity
2376,1099,pubmed,32028983,https://orcs.thebiogrid.org/Dataset/1099,direct website browse association; cached source identity
2375,1099,pubmed,32028983,https://orcs.thebiogrid.org/Dataset/1099,direct website browse association; cached source identity
2374,1099,pubmed,32028983,https://orcs.thebiogrid.org/Dataset/1099,direct website browse association; cached source identity
2373,1083,pubmed,39547224,https://orcs.thebiogrid.org/Dataset/1083,direct website browse association; cached source identity
2372,1098,pubmed,38395437,https://orcs.thebiogrid.org/Dataset/1098,direct website browse association; cached source identity
2371,1097,pubmed,32424339,https://orcs.thebiogrid.org/Dataset/1097,direct website browse association; cached source identity
2370,1097,pubmed,32424339,https://orcs.thebiogrid.org/Dataset/1097,direct website browse association; cached source identity
2369,1096,pubmed,38885264,https://orcs.thebiogrid.org/Dataset/1096,direct website browse association; cached source identity
2368,1095,pubmed,37167561,https://orcs.thebiogrid.org/Dataset/1095,direct website browse association; cached source identity
2367,1094,pubmed,31558468,https://orcs.thebiogrid.org/Dataset/1094,direct website browse association; cached source identity
2366,1094,pubmed,31558468,https://orcs.thebiogrid.org/Dataset/1094,direct website browse association; cached source identity
2365,1094,pubmed,31558468,https://orcs.thebiogrid.org/Dataset/1094,direct website browse association; cached source identity
2364,1094,pubmed,31558468,https://orcs.thebiogrid.org/Dataset/1094,direct website browse association; cached source identity
2363,1094,pubmed,31558468,https://orcs.thebiogrid.org/Dataset/1094,direct website browse association; cached source identity
2362,1094,pubmed,31558468,https://orcs.thebiogrid.org/Dataset/1094,direct website browse association; cached source identity
2361,1088,pubmed,39316623,https://orcs.thebiogrid.org/Dataset/1088,direct website browse association; cached source identity
2360,1088,pubmed,39316623,https://orcs.thebiogrid.org/Dataset/1088,direct website browse association; cached source identity
2359,1075,pubmed,35804923,https://orcs.thebiogrid.org/Dataset/1075,direct website browse association; cached source identity
2358,1078,pubmed,36273494,https://orcs.thebiogrid.org/Dataset/1078,direct website browse association; cached source identity
2357,1073,pubmed,31462500,https://orcs.thebiogrid.org/Dataset/1073,direct website browse association; cached source identity
2356,1073,pubmed,31462500,https://orcs.thebiogrid.org/Dataset/1073,direct website browse association; cached source identity
2355,1073,pubmed,31462500,https://orcs.thebiogrid.org/Dataset/1073,direct website browse association; cached source identity
2354,1073,pubmed,31462500,https://orcs.thebiogrid.org/Dataset/1073,direct website browse association; cached source identity
2353,1073,pubmed,31462500,https://orcs.thebiogrid.org/Dataset/1073,direct website browse association; cached source identity
2352,1073,pubmed,31462500,https://orcs.thebiogrid.org/Dataset/1073,direct website browse association; cached source identity
2351,1073,pubmed,31462500,https://orcs.thebiogrid.org/Dataset/1073,direct website browse association; cached source identity
2350,1073,pubmed,31462500,https://orcs.thebiogrid.org/Dataset/1073,direct website browse association; cached source identity
2349,1070,pubmed,37010434,https://orcs.thebiogrid.org/Dataset/1070,direct website browse association; cached source identity
2348,1066,pubmed,37163373,https://orcs.thebiogrid.org/Dataset/1066,direct website browse association; cached source identity
2347,1066,pubmed,37163373,https://orcs.thebiogrid.org/Dataset/1066,direct website browse association; cached source identity
2346,1066,pubmed,37163373,https://orcs.thebiogrid.org/Dataset/1066,direct website browse association; cached source identity
2345,1066,pubmed,37163373,https://orcs.thebiogrid.org/Dataset/1066,direct website browse association; cached source identity
2344,1065,pubmed,31508283,https://orcs.thebiogrid.org/Dataset/1065,direct website browse association; cached source identity
2343,1065,pubmed,31508283,https://orcs.thebiogrid.org/Dataset/1065,direct website browse association; cached source identity
2342,1062,pubmed,38291084,https://orcs.thebiogrid.org/Dataset/1062,direct website browse association; cached source identity
2341,1062,pubmed,38291084,https://orcs.thebiogrid.org/Dataset/1062,direct website browse association; cached source identity
2340,1062,pubmed,38291084,https://orcs.thebiogrid.org/Dataset/1062,direct website browse association; cached source identity
2339,1062,pubmed,38291084,https://orcs.thebiogrid.org/Dataset/1062,direct website browse association; cached source identity
2338,1062,pubmed,38291084,https://orcs.thebiogrid.org/Dataset/1062,direct website browse association; cached source identity
2337,1062,pubmed,38291084,https://orcs.thebiogrid.org/Dataset/1062,direct website browse association; cached source identity
2336,1062,pubmed,38291084,https://orcs.thebiogrid.org/Dataset/1062,direct website browse association; cached source identity
2335,1062,pubmed,38291084,https://orcs.thebiogrid.org/Dataset/1062,direct website browse association; cached source identity
2334,1062,pubmed,38291084,https://orcs.thebiogrid.org/Dataset/1062,direct website browse association; cached source identity
2333,1062,pubmed,38291084,https://orcs.thebiogrid.org/Dataset/1062,direct website browse association; cached source identity
2332,1062,pubmed,38291084,https://orcs.thebiogrid.org/Dataset/1062,direct website browse association; cached source identity
2331,1062,pubmed,38291084,https://orcs.thebiogrid.org/Dataset/1062,direct website browse association; cached source identity
2330,1062,pubmed,38291084,https://orcs.thebiogrid.org/Dataset/1062,direct website browse association; cached source identity
2329,1062,pubmed,38291084,https://orcs.thebiogrid.org/Dataset/1062,direct website browse association; cached source identity
2328,1062,pubmed,38291084,https://orcs.thebiogrid.org/Dataset/1062,direct website browse association; cached source identity
2327,1062,pubmed,38291084,https://orcs.thebiogrid.org/Dataset/1062,direct website browse association; cached source identity
2326,1062,pubmed,38291084,https://orcs.thebiogrid.org/Dataset/1062,direct website browse association; cached source identity
2325,1062,pubmed,38291084,https://orcs.thebiogrid.org/Dataset/1062,direct website browse association; cached source identity
2324,1062,pubmed,38291084,https://orcs.thebiogrid.org/Dataset/1062,direct website browse association; cached source identity
2323,1058,pubmed,37075701,https://orcs.thebiogrid.org/Dataset/1058,direct website browse association; cached source identity
2322,1054,prepub,10.1101/2024.05.08.593110,https://orcs.thebiogrid.org/Dataset/1054,direct website browse association; cached source identity
2321,1035,pubmed,36409314,https://orcs.thebiogrid.org/Dataset/1035,direct website browse association; cached source identity
2320,1027,pubmed,34921014,https://orcs.thebiogrid.org/Dataset/1027,direct website browse association; cached source identity
2319,1027,pubmed,34921014,https://orcs.thebiogrid.org/Dataset/1027,direct website browse association; cached source identity
2318,1022,pubmed,34320214,https://orcs.thebiogrid.org/Dataset/1022,direct website browse association; cached source identity
2317,1022,pubmed,34320214,https://orcs.thebiogrid.org/Dataset/1022,direct website browse association; cached source identity
2316,1022,pubmed,34320214,https://orcs.thebiogrid.org/Dataset/1022,direct website browse association; cached source identity
2315,1022,pubmed,34320214,https://orcs.thebiogrid.org/Dataset/1022,direct website browse association; cached source identity
2314,1022,pubmed,34320214,https://orcs.thebiogrid.org/Dataset/1022,direct website browse association; cached source identity
2313,1022,pubmed,34320214,https://orcs.thebiogrid.org/Dataset/1022,direct website browse association; cached source identity
2312,1022,pubmed,34320214,https://orcs.thebiogrid.org/Dataset/1022,direct website browse association; cached source identity
2311,1022,pubmed,34320214,https://orcs.thebiogrid.org/Dataset/1022,direct website browse association; cached source identity
2310,1022,pubmed,34320214,https://orcs.thebiogrid.org/Dataset/1022,direct website browse association; cached source identity
2309,1022,pubmed,34320214,https://orcs.thebiogrid.org/Dataset/1022,direct website browse association; cached source identity
2308,1020,pubmed,36396656,https://orcs.thebiogrid.org/Dataset/1020,direct website browse association; cached source identity
2307,1020,pubmed,36396656,https://orcs.thebiogrid.org/Dataset/1020,direct website browse association; cached source identity
2306,1019,pubmed,36991492,https://orcs.thebiogrid.org/Dataset/1019,direct website browse association; cached source identity
2305,1019,pubmed,36991492,https://orcs.thebiogrid.org/Dataset/1019,direct website browse association; cached source identity
2304,1019,pubmed,36991492,https://orcs.thebiogrid.org/Dataset/1019,direct website browse association; cached source identity
2303,1019,pubmed,36991492,https://orcs.thebiogrid.org/Dataset/1019,direct website browse association; cached source identity
2302,1019,pubmed,36991492,https://orcs.thebiogrid.org/Dataset/1019,direct website browse association; cached source identity
2301,1019,pubmed,36991492,https://orcs.thebiogrid.org/Dataset/1019,direct website browse association; cached source identity
2300,1019,pubmed,36991492,https://orcs.thebiogrid.org/Dataset/1019,direct website browse association; cached source identity
2299,1019,pubmed,36991492,https://orcs.thebiogrid.org/Dataset/1019,direct website browse association; cached source identity
2298,1019,pubmed,36991492,https://orcs.thebiogrid.org/Dataset/1019,direct website browse association; cached source identity
2297,1019,pubmed,36991492,https://orcs.thebiogrid.org/Dataset/1019,direct website browse association; cached source identity
2296,1019,pubmed,36991492,https://orcs.thebiogrid.org/Dataset/1019,direct website browse association; cached source identity
2295,1019,pubmed,36991492,https://orcs.thebiogrid.org/Dataset/1019,direct website browse association; cached source identity
2294,1019,pubmed,36991492,https://orcs.thebiogrid.org/Dataset/1019,direct website browse association; cached source identity
2293,1019,pubmed,36991492,https://orcs.thebiogrid.org/Dataset/1019,direct website browse association; cached source identity
2292,1019,pubmed,36991492,https://orcs.thebiogrid.org/Dataset/1019,direct website browse association; cached source identity
2291,1019,pubmed,36991492,https://orcs.thebiogrid.org/Dataset/1019,direct website browse association; cached source identity
2290,1019,pubmed,36991492,https://orcs.thebiogrid.org/Dataset/1019,direct website browse association; cached source identity
2289,1019,pubmed,36991492,https://orcs.thebiogrid.org/Dataset/1019,direct website browse association; cached source identity
2288,1019,pubmed,36991492,https://orcs.thebiogrid.org/Dataset/1019,direct website browse association; cached source identity
2287,1019,pubmed,36991492,https://orcs.thebiogrid.org/Dataset/1019,direct website browse association; cached source identity
2286,1019,pubmed,36991492,https://orcs.thebiogrid.org/Dataset/1019,direct website browse association; cached source identity
2285,1019,pubmed,36991492,https://orcs.thebiogrid.org/Dataset/1019,direct website browse association; cached source identity
2284,1019,pubmed,36991492,https://orcs.thebiogrid.org/Dataset/1019,direct website browse association; cached source identity
2283,1019,pubmed,36991492,https://orcs.thebiogrid.org/Dataset/1019,direct website browse association; cached source identity
2282,1019,pubmed,36991492,https://orcs.thebiogrid.org/Dataset/1019,direct website browse association; cached source identity
2281,1019,pubmed,36991492,https://orcs.thebiogrid.org/Dataset/1019,direct website browse association; cached source identity
2280,1019,pubmed,36991492,https://orcs.thebiogrid.org/Dataset/1019,direct website browse association; cached source identity
2279,1019,pubmed,36991492,https://orcs.thebiogrid.org/Dataset/1019,direct website browse association; cached source identity
2278,1019,pubmed,36991492,https://orcs.thebiogrid.org/Dataset/1019,direct website browse association; cached source identity
2277,1019,pubmed,36991492,https://orcs.thebiogrid.org/Dataset/1019,direct website browse association; cached source identity
2276,1019,pubmed,36991492,https://orcs.thebiogrid.org/Dataset/1019,direct website browse association; cached source identity
2275,1019,pubmed,36991492,https://orcs.thebiogrid.org/Dataset/1019,direct website browse association; cached source identity
2274,1019,pubmed,36991492,https://orcs.thebiogrid.org/Dataset/1019,direct website browse association; cached source identity
2271,1019,pubmed,36991492,https://orcs.thebiogrid.org/Dataset/1019,direct website browse association; cached source identity
2270,1019,pubmed,36991492,https://orcs.thebiogrid.org/Dataset/1019,direct website browse association; cached source identity
2269,1019,pubmed,36991492,https://orcs.thebiogrid.org/Dataset/1019,direct website browse association; cached source identity
2268,1019,pubmed,36991492,https://orcs.thebiogrid.org/Dataset/1019,direct website browse association; cached source identity
2267,1019,pubmed,36991492,https://orcs.thebiogrid.org/Dataset/1019,direct website browse association; cached source identity
2266,1019,pubmed,36991492,https://orcs.thebiogrid.org/Dataset/1019,direct website browse association; cached source identity
2265,1019,pubmed,36991492,https://orcs.thebiogrid.org/Dataset/1019,direct website browse association; cached source identity
2264,1019,pubmed,36991492,https://orcs.thebiogrid.org/Dataset/1019,direct website browse association; cached source identity
2263,1019,pubmed,36991492,https://orcs.thebiogrid.org/Dataset/1019,direct website browse association; cached source identity
2262,1019,pubmed,36991492,https://orcs.thebiogrid.org/Dataset/1019,direct website browse association; cached source identity
2261,1019,pubmed,36991492,https://orcs.thebiogrid.org/Dataset/1019,direct website browse association; cached source identity
2260,1019,pubmed,36991492,https://orcs.thebiogrid.org/Dataset/1019,direct website browse association; cached source identity
2259,1019,pubmed,36991492,https://orcs.thebiogrid.org/Dataset/1019,direct website browse association; cached source identity
2258,1019,pubmed,36991492,https://orcs.thebiogrid.org/Dataset/1019,direct website browse association; cached source identity
2257,1019,pubmed,36991492,https://orcs.thebiogrid.org/Dataset/1019,direct website browse association; cached source identity
2256,1019,pubmed,36991492,https://orcs.thebiogrid.org/Dataset/1019,direct website browse association; cached source identity
2255,1019,pubmed,36991492,https://orcs.thebiogrid.org/Dataset/1019,direct website browse association; cached source identity
2254,1019,pubmed,36991492,https://orcs.thebiogrid.org/Dataset/1019,direct website browse association; cached source identity
2253,1019,pubmed,36991492,https://orcs.thebiogrid.org/Dataset/1019,direct website browse association; cached source identity
2252,1019,pubmed,36991492,https://orcs.thebiogrid.org/Dataset/1019,direct website browse association; cached source identity
2251,1019,pubmed,36991492,https://orcs.thebiogrid.org/Dataset/1019,direct website browse association; cached source identity
2250,1019,pubmed,36991492,https://orcs.thebiogrid.org/Dataset/1019,direct website browse association; cached source identity
2249,1019,pubmed,36991492,https://orcs.thebiogrid.org/Dataset/1019,direct website browse association; cached source identity
2248,1019,pubmed,36991492,https://orcs.thebiogrid.org/Dataset/1019,direct website browse association; cached source identity
2223,1016,pubmed,36731340,https://orcs.thebiogrid.org/Dataset/1016,direct website browse association; cached source identity
2222,1016,pubmed,36731340,https://orcs.thebiogrid.org/Dataset/1016,direct website browse association; cached source identity
2221,1016,pubmed,36731340,https://orcs.thebiogrid.org/Dataset/1016,direct website browse association; cached source identity
2220,1016,pubmed,36731340,https://orcs.thebiogrid.org/Dataset/1016,direct website browse association; cached source identity
2219,1016,pubmed,36731340,https://orcs.thebiogrid.org/Dataset/1016,direct website browse association; cached source identity
2218,1016,pubmed,36731340,https://orcs.thebiogrid.org/Dataset/1016,direct website browse association; cached source identity
2217,1016,pubmed,36731340,https://orcs.thebiogrid.org/Dataset/1016,direct website browse association; cached source identity
2216,941,pubmed,37996617,https://orcs.thebiogrid.org/Dataset/941,direct website browse association; cached source identity
2215,1016,pubmed,36731340,https://orcs.thebiogrid.org/Dataset/1016,direct website browse association; cached source identity
2214,1016,pubmed,36731340,https://orcs.thebiogrid.org/Dataset/1016,direct website browse association; cached source identity
2213,1016,pubmed,36731340,https://orcs.thebiogrid.org/Dataset/1016,direct website browse association; cached source identity
2212,1016,pubmed,36731340,https://orcs.thebiogrid.org/Dataset/1016,direct website browse association; cached source identity
2211,1012,pubmed,36794958,https://orcs.thebiogrid.org/Dataset/1012,direct website browse association; cached source identity
2210,1010,pubmed,37975674,https://orcs.thebiogrid.org/Dataset/1010,direct website browse association; cached source identity
2209,1010,pubmed,37975674,https://orcs.thebiogrid.org/Dataset/1010,direct website browse association; cached source identity
2208,1011,pubmed,36820830,https://orcs.thebiogrid.org/Dataset/1011,direct website browse association; cached source identity
2207,1011,pubmed,36820830,https://orcs.thebiogrid.org/Dataset/1011,direct website browse association; cached source identity
2206,988,pubmed,31723608,https://orcs.thebiogrid.org/Dataset/988,direct website browse association; cached source identity
2205,988,pubmed,31723608,https://orcs.thebiogrid.org/Dataset/988,direct website browse association; cached source identity
2204,988,pubmed,31723608,https://orcs.thebiogrid.org/Dataset/988,direct website browse association; cached source identity
2203,988,pubmed,31723608,https://orcs.thebiogrid.org/Dataset/988,direct website browse association; cached source identity
2202,988,pubmed,31723608,https://orcs.thebiogrid.org/Dataset/988,direct website browse association; cached source identity
2201,987,pubmed,30686591,https://orcs.thebiogrid.org/Dataset/987,direct website browse association; cached source identity
2200,987,pubmed,30686591,https://orcs.thebiogrid.org/Dataset/987,direct website browse association; cached source identity
2198,986,pubmed,34529489,https://orcs.thebiogrid.org/Dataset/986,direct website browse association; cached source identity
2197,986,pubmed,34529489,https://orcs.thebiogrid.org/Dataset/986,direct website browse association; cached source identity
2196,986,pubmed,34529489,https://orcs.thebiogrid.org/Dataset/986,direct website browse association; cached source identity
2195,986,pubmed,34529489,https://orcs.thebiogrid.org/Dataset/986,direct website browse association; cached source identity
2194,986,pubmed,34529489,https://orcs.thebiogrid.org/Dataset/986,direct website browse association; cached source identity
2193,986,pubmed,34529489,https://orcs.thebiogrid.org/Dataset/986,direct website browse association; cached source identity
2192,986,pubmed,34529489,https://orcs.thebiogrid.org/Dataset/986,direct website browse association; cached source identity
2191,986,pubmed,34529489,https://orcs.thebiogrid.org/Dataset/986,direct website browse association; cached source identity
2190,986,pubmed,34529489,https://orcs.thebiogrid.org/Dataset/986,direct website browse association; cached source identity
2189,986,pubmed,34529489,https://orcs.thebiogrid.org/Dataset/986,direct website browse association; cached source identity
2188,986,pubmed,34529489,https://orcs.thebiogrid.org/Dataset/986,direct website browse association; cached source identity
2187,986,pubmed,34529489,https://orcs.thebiogrid.org/Dataset/986,direct website browse association; cached source identity
2186,986,pubmed,34529489,https://orcs.thebiogrid.org/Dataset/986,direct website browse association; cached source identity
2185,986,pubmed,34529489,https://orcs.thebiogrid.org/Dataset/986,direct website browse association; cached source identity
2184,986,pubmed,34529489,https://orcs.thebiogrid.org/Dataset/986,direct website browse association; cached source identity
2183,986,pubmed,34529489,https://orcs.thebiogrid.org/Dataset/986,direct website browse association; cached source identity
2182,986,pubmed,34529489,https://orcs.thebiogrid.org/Dataset/986,direct website browse association; cached source identity
2181,986,pubmed,34529489,https://orcs.thebiogrid.org/Dataset/986,direct website browse association; cached source identity
2180,986,pubmed,34529489,https://orcs.thebiogrid.org/Dataset/986,direct website browse association; cached source identity
2179,986,pubmed,34529489,https://orcs.thebiogrid.org/Dataset/986,direct website browse association; cached source identity
2178,986,pubmed,34529489,https://orcs.thebiogrid.org/Dataset/986,direct website browse association; cached source identity
2177,986,pubmed,34529489,https://orcs.thebiogrid.org/Dataset/986,direct website browse association; cached source identity
2176,986,pubmed,34529489,https://orcs.thebiogrid.org/Dataset/986,direct website browse association; cached source identity
2175,986,pubmed,34529489,https://orcs.thebiogrid.org/Dataset/986,direct website browse association; cached source identity
2174,986,pubmed,34529489,https://orcs.thebiogrid.org/Dataset/986,direct website browse association; cached source identity
2173,986,pubmed,34529489,https://orcs.thebiogrid.org/Dataset/986,direct website browse association; cached source identity
2172,986,pubmed,34529489,https://orcs.thebiogrid.org/Dataset/986,direct website browse association; cached source identity
2171,986,pubmed,34529489,https://orcs.thebiogrid.org/Dataset/986,direct website browse association; cached source identity
2170,986,pubmed,34529489,https://orcs.thebiogrid.org/Dataset/986,direct website browse association; cached source identity
2169,391,pubmed,28167502,https://orcs.thebiogrid.org/Dataset/391,direct website browse association; cached source identity
2168,538,pubmed,29779948,https://orcs.thebiogrid.org/Dataset/538,direct website browse association; cached source identity
2167,538,pubmed,29779948,https://orcs.thebiogrid.org/Dataset/538,direct website browse association; cached source identity
2166,538,pubmed,29779948,https://orcs.thebiogrid.org/Dataset/538,direct website browse association; cached source identity
2165,538,pubmed,29779948,https://orcs.thebiogrid.org/Dataset/538,direct website browse association; cached source identity
2164,538,pubmed,29779948,https://orcs.thebiogrid.org/Dataset/538,direct website browse association; cached source identity
2163,538,pubmed,29779948,https://orcs.thebiogrid.org/Dataset/538,direct website browse association; cached source identity
2162,538,pubmed,29779948,https://orcs.thebiogrid.org/Dataset/538,direct website browse association; cached source identity
2161,538,pubmed,29779948,https://orcs.thebiogrid.org/Dataset/538,direct website browse association; cached source identity
2160,538,pubmed,29779948,https://orcs.thebiogrid.org/Dataset/538,direct website browse association; cached source identity
2159,538,pubmed,29779948,https://orcs.thebiogrid.org/Dataset/538,direct website browse association; cached source identity
2158,538,pubmed,29779948,https://orcs.thebiogrid.org/Dataset/538,direct website browse association; cached source identity
2157,538,pubmed,29779948,https://orcs.thebiogrid.org/Dataset/538,direct website browse association; cached source identity
2156,538,pubmed,29779948,https://orcs.thebiogrid.org/Dataset/538,direct website browse association; cached source identity
2155,538,pubmed,29779948,https://orcs.thebiogrid.org/Dataset/538,direct website browse association; cached source identity
2154,538,pubmed,29779948,https://orcs.thebiogrid.org/Dataset/538,direct website browse association; cached source identity
2153,538,pubmed,29779948,https://orcs.thebiogrid.org/Dataset/538,direct website browse association; cached source identity
2152,538,pubmed,29779948,https://orcs.thebiogrid.org/Dataset/538,direct website browse association; cached source identity
2151,538,pubmed,29779948,https://orcs.thebiogrid.org/Dataset/538,direct website browse association; cached source identity
2150,538,pubmed,29779948,https://orcs.thebiogrid.org/Dataset/538,direct website browse association; cached source identity
2149,538,pubmed,29779948,https://orcs.thebiogrid.org/Dataset/538,direct website browse association; cached source identity
2148,538,pubmed,29779948,https://orcs.thebiogrid.org/Dataset/538,direct website browse association; cached source identity
2147,538,pubmed,29779948,https://orcs.thebiogrid.org/Dataset/538,direct website browse association; cached source identity
2146,538,pubmed,29779948,https://orcs.thebiogrid.org/Dataset/538,direct website browse association; cached source identity
2145,538,pubmed,29779948,https://orcs.thebiogrid.org/Dataset/538,direct website browse association; cached source identity
2144,983,pubmed,35972292,https://orcs.thebiogrid.org/Dataset/983,direct website browse association; cached source identity
2143,983,pubmed,35972292,https://orcs.thebiogrid.org/Dataset/983,direct website browse association; cached source identity
2142,982,pubmed,35379808,https://orcs.thebiogrid.org/Dataset/982,direct website browse association; cached source identity
2141,982,pubmed,35379808,https://orcs.thebiogrid.org/Dataset/982,direct website browse association; cached source identity
2140,980,pubmed,35688159,https://orcs.thebiogrid.org/Dataset/980,direct website browse association; cached source identity
2139,980,pubmed,35688159,https://orcs.thebiogrid.org/Dataset/980,direct website browse association; cached source identity
2137,977,pubmed,34759314,https://orcs.thebiogrid.org/Dataset/977,direct website browse association; cached source identity
2136,975,pubmed,35763353,https://orcs.thebiogrid.org/Dataset/975,direct website browse association; cached source identity
2135,974,pubmed,36224385,https://orcs.thebiogrid.org/Dataset/974,direct website browse association; cached source identity
2134,970,pubmed,37046090,https://orcs.thebiogrid.org/Dataset/970,direct website browse association; cached source identity
2133,969,pubmed,36303069,https://orcs.thebiogrid.org/Dataset/969,direct website browse association; cached source identity
2132,969,pubmed,36303069,https://orcs.thebiogrid.org/Dataset/969,direct website browse association; cached source identity
2131,969,pubmed,36303069,https://orcs.thebiogrid.org/Dataset/969,direct website browse association; cached source identity
2130,969,pubmed,36303069,https://orcs.thebiogrid.org/Dataset/969,direct website browse association; cached source identity
2129,969,pubmed,36303069,https://orcs.thebiogrid.org/Dataset/969,direct website browse association; cached source identity
2128,969,pubmed,36303069,https://orcs.thebiogrid.org/Dataset/969,direct website browse association; cached source identity
2127,968,pubmed,35750052,https://orcs.thebiogrid.org/Dataset/968,direct website browse association; cached source identity
2124,961,pubmed,30111820,https://orcs.thebiogrid.org/Dataset/961,direct website browse association; cached source identity
2123,961,pubmed,30111820,https://orcs.thebiogrid.org/Dataset/961,direct website browse association; cached source identity
2122,961,pubmed,30111820,https://orcs.thebiogrid.org/Dataset/961,direct website browse association; cached source identity
2121,961,pubmed,30111820,https://orcs.thebiogrid.org/Dataset/961,direct website browse association; cached source identity
2120,961,pubmed,30111820,https://orcs.thebiogrid.org/Dataset/961,direct website browse association; cached source identity
2119,961,pubmed,30111820,https://orcs.thebiogrid.org/Dataset/961,direct website browse association; cached source identity
2118,961,pubmed,30111820,https://orcs.thebiogrid.org/Dataset/961,direct website browse association; cached source identity
2117,961,pubmed,30111820,https://orcs.thebiogrid.org/Dataset/961,direct website browse association; cached source identity
2116,961,pubmed,30111820,https://orcs.thebiogrid.org/Dataset/961,direct website browse association; cached source identity
2115,961,pubmed,30111820,https://orcs.thebiogrid.org/Dataset/961,direct website browse association; cached source identity
2114,961,pubmed,30111820,https://orcs.thebiogrid.org/Dataset/961,direct website browse association; cached source identity
2113,961,pubmed,30111820,https://orcs.thebiogrid.org/Dataset/961,direct website browse association; cached source identity
2112,951,pubmed,36650183,https://orcs.thebiogrid.org/Dataset/951,direct website browse association; cached source identity
2111,951,pubmed,36650183,https://orcs.thebiogrid.org/Dataset/951,direct website browse association; cached source identity
2110,951,pubmed,36650183,https://orcs.thebiogrid.org/Dataset/951,direct website browse association; cached source identity
2109,951,pubmed,36650183,https://orcs.thebiogrid.org/Dataset/951,direct website browse association; cached source identity
2108,951,pubmed,36650183,https://orcs.thebiogrid.org/Dataset/951,direct website browse association; cached source identity
2107,951,pubmed,36650183,https://orcs.thebiogrid.org/Dataset/951,direct website browse association; cached source identity
2106,951,pubmed,36650183,https://orcs.thebiogrid.org/Dataset/951,direct website browse association; cached source identity
2105,951,pubmed,36650183,https://orcs.thebiogrid.org/Dataset/951,direct website browse association; cached source identity
2104,948,pubmed,34215620,https://orcs.thebiogrid.org/Dataset/948,direct website browse association; cached source identity
2103,945,pubmed,36584827,https://orcs.thebiogrid.org/Dataset/945,direct website browse association; cached source identity
2102,945,pubmed,36584827,https://orcs.thebiogrid.org/Dataset/945,direct website browse association; cached source identity
2101,945,pubmed,36584827,https://orcs.thebiogrid.org/Dataset/945,direct website browse association; cached source identity
2100,945,pubmed,36584827,https://orcs.thebiogrid.org/Dataset/945,direct website browse association; cached source identity
2099,945,pubmed,36584827,https://orcs.thebiogrid.org/Dataset/945,direct website browse association; cached source identity
2098,945,pubmed,36584827,https://orcs.thebiogrid.org/Dataset/945,direct website browse association; cached source identity
2097,945,pubmed,36584827,https://orcs.thebiogrid.org/Dataset/945,direct website browse association; cached source identity
2096,945,pubmed,36584827,https://orcs.thebiogrid.org/Dataset/945,direct website browse association; cached source identity
2095,945,pubmed,36584827,https://orcs.thebiogrid.org/Dataset/945,direct website browse association; cached source identity
2094,945,pubmed,36584827,https://orcs.thebiogrid.org/Dataset/945,direct website browse association; cached source identity
2093,945,pubmed,36584827,https://orcs.thebiogrid.org/Dataset/945,direct website browse association; cached source identity
2092,945,pubmed,36584827,https://orcs.thebiogrid.org/Dataset/945,direct website browse association; cached source identity
2091,944,pubmed,34108663,https://orcs.thebiogrid.org/Dataset/944,direct website browse association; cached source identity
2090,944,pubmed,34108663,https://orcs.thebiogrid.org/Dataset/944,direct website browse association; cached source identity
2089,944,pubmed,34108663,https://orcs.thebiogrid.org/Dataset/944,direct website browse association; cached source identity
2088,944,pubmed,34108663,https://orcs.thebiogrid.org/Dataset/944,direct website browse association; cached source identity
2087,939,pubmed,37866880,https://orcs.thebiogrid.org/Dataset/939,direct website browse association; cached source identity
2086,939,pubmed,37866880,https://orcs.thebiogrid.org/Dataset/939,direct website browse association; cached source identity
2085,936,pubmed,37616343,https://orcs.thebiogrid.org/Dataset/936,direct website browse association; cached source identity
2084,936,pubmed,37616343,https://orcs.thebiogrid.org/Dataset/936,direct website browse association; cached source identity
2083,937,pubmed,37047518,https://orcs.thebiogrid.org/Dataset/937,direct website browse association; cached source identity
2082,937,pubmed,37047518,https://orcs.thebiogrid.org/Dataset/937,direct website browse association; cached source identity
2081,934,pubmed,37639469,https://orcs.thebiogrid.org/Dataset/934,direct website browse association; cached source identity
2080,934,pubmed,37639469,https://orcs.thebiogrid.org/Dataset/934,direct website browse association; cached source identity
2079,934,pubmed,37639469,https://orcs.thebiogrid.org/Dataset/934,direct website browse association; cached source identity
2078,924,pubmed,32668236,https://orcs.thebiogrid.org/Dataset/924,direct website browse association; cached source identity
2077,848,pubmed,36753415,https://orcs.thebiogrid.org/Dataset/848,direct website browse association; cached source identity
2076,848,pubmed,36753415,https://orcs.thebiogrid.org/Dataset/848,direct website browse association; cached source identity
2075,780,pubmed,36597481,https://orcs.thebiogrid.org/Dataset/780,direct website browse association; cached source identity
2074,780,pubmed,36597481,https://orcs.thebiogrid.org/Dataset/780,direct website browse association; cached source identity
2071,780,pubmed,36597481,https://orcs.thebiogrid.org/Dataset/780,direct website browse association; cached source identity
2070,780,pubmed,36597481,https://orcs.thebiogrid.org/Dataset/780,direct website browse association; cached source identity
2069,780,pubmed,36597481,https://orcs.thebiogrid.org/Dataset/780,direct website browse association; cached source identity
2068,780,pubmed,36597481,https://orcs.thebiogrid.org/Dataset/780,direct website browse association; cached source identity
2067,780,pubmed,36597481,https://orcs.thebiogrid.org/Dataset/780,direct website browse association; cached source identity
2066,780,pubmed,36597481,https://orcs.thebiogrid.org/Dataset/780,direct website browse association; cached source identity
2065,780,pubmed,36597481,https://orcs.thebiogrid.org/Dataset/780,direct website browse association; cached source identity
2064,780,pubmed,36597481,https://orcs.thebiogrid.org/Dataset/780,direct website browse association; cached source identity
2063,780,pubmed,36597481,https://orcs.thebiogrid.org/Dataset/780,direct website browse association; cached source identity
2062,780,pubmed,36597481,https://orcs.thebiogrid.org/Dataset/780,direct website browse association; cached source identity
2061,780,pubmed,36597481,https://orcs.thebiogrid.org/Dataset/780,direct website browse association; cached source identity
2060,784,pubmed,36124427,https://orcs.thebiogrid.org/Dataset/784,direct website browse association; cached source identity
2059,782,pubmed,36228039,https://orcs.thebiogrid.org/Dataset/782,direct website browse association; cached source identity
2058,782,pubmed,36228039,https://orcs.thebiogrid.org/Dataset/782,direct website browse association; cached source identity
2057,881,pubmed,37435859,https://orcs.thebiogrid.org/Dataset/881,direct website browse association; cached source identity
2056,881,pubmed,37435859,https://orcs.thebiogrid.org/Dataset/881,direct website browse association; cached source identity
2055,881,pubmed,37435859,https://orcs.thebiogrid.org/Dataset/881,direct website browse association; cached source identity
2054,881,pubmed,37435859,https://orcs.thebiogrid.org/Dataset/881,direct website browse association; cached source identity
2053,922,pubmed,35723366,https://orcs.thebiogrid.org/Dataset/922,direct website browse association; cached source identity
2052,922,pubmed,35723366,https://orcs.thebiogrid.org/Dataset/922,direct website browse association; cached source identity
2051,922,pubmed,35723366,https://orcs.thebiogrid.org/Dataset/922,direct website browse association; cached source identity
2050,922,pubmed,35723366,https://orcs.thebiogrid.org/Dataset/922,direct website browse association; cached source identity
2049,921,pubmed,33513212,https://orcs.thebiogrid.org/Dataset/921,direct website browse association; cached source identity
2048,920,pubmed,34373448,https://orcs.thebiogrid.org/Dataset/920,direct website browse association; cached source identity
2047,913,pubmed,36574441,https://orcs.thebiogrid.org/Dataset/913,direct website browse association; cached source identity
2046,913,pubmed,36574441,https://orcs.thebiogrid.org/Dataset/913,direct website browse association; cached source identity
2045,913,pubmed,36574441,https://orcs.thebiogrid.org/Dataset/913,direct website browse association; cached source identity
2044,913,pubmed,36574441,https://orcs.thebiogrid.org/Dataset/913,direct website browse association; cached source identity
2043,913,pubmed,36574441,https://orcs.thebiogrid.org/Dataset/913,direct website browse association; cached source identity
2042,913,pubmed,36574441,https://orcs.thebiogrid.org/Dataset/913,direct website browse association; cached source identity
2041,913,pubmed,36574441,https://orcs.thebiogrid.org/Dataset/913,direct website browse association; cached source identity
2040,913,pubmed,36574441,https://orcs.thebiogrid.org/Dataset/913,direct website browse association; cached source identity
2039,913,pubmed,36574441,https://orcs.thebiogrid.org/Dataset/913,direct website browse association; cached source identity
2038,913,pubmed,36574441,https://orcs.thebiogrid.org/Dataset/913,direct website browse association; cached source identity
2037,913,pubmed,36574441,https://orcs.thebiogrid.org/Dataset/913,direct website browse association; cached source identity
2036,913,pubmed,36574441,https://orcs.thebiogrid.org/Dataset/913,direct website browse association; cached source identity
2035,913,pubmed,36574441,https://orcs.thebiogrid.org/Dataset/913,direct website browse association; cached source identity
2034,913,pubmed,36574441,https://orcs.thebiogrid.org/Dataset/913,direct website browse association; cached source identity
2033,913,pubmed,36574441,https://orcs.thebiogrid.org/Dataset/913,direct website browse association; cached source identity
2032,913,pubmed,36574441,https://orcs.thebiogrid.org/Dataset/913,direct website browse association; cached source identity
2031,913,pubmed,36574441,https://orcs.thebiogrid.org/Dataset/913,direct website browse association; cached source identity
2030,913,pubmed,36574441,https://orcs.thebiogrid.org/Dataset/913,direct website browse association; cached source identity
2029,913,pubmed,36574441,https://orcs.thebiogrid.org/Dataset/913,direct website browse association; cached source identity
2028,913,pubmed,36574441,https://orcs.thebiogrid.org/Dataset/913,direct website browse association; cached source identity
2027,913,pubmed,36574441,https://orcs.thebiogrid.org/Dataset/913,direct website browse association; cached source identity
2026,913,pubmed,36574441,https://orcs.thebiogrid.org/Dataset/913,direct website browse association; cached source identity
2025,913,pubmed,36574441,https://orcs.thebiogrid.org/Dataset/913,direct website browse association; cached source identity
2024,913,pubmed,36574441,https://orcs.thebiogrid.org/Dataset/913,direct website browse association; cached source identity
2023,913,pubmed,36574441,https://orcs.thebiogrid.org/Dataset/913,direct website browse association; cached source identity
2022,913,pubmed,36574441,https://orcs.thebiogrid.org/Dataset/913,direct website browse association; cached source identity
2021,913,pubmed,36574441,https://orcs.thebiogrid.org/Dataset/913,direct website browse association; cached source identity
2020,909,pubmed,36309510,https://orcs.thebiogrid.org/Dataset/909,direct website browse association; cached source identity
2019,907,pubmed,33033111,https://orcs.thebiogrid.org/Dataset/907,direct website browse association; cached source identity
2017,891,pubmed,36055241,https://orcs.thebiogrid.org/Dataset/891,direct website browse association; cached source identity
2016,890,pubmed,35981571,https://orcs.thebiogrid.org/Dataset/890,direct website browse association; cached source identity
2015,884,pubmed,36848233,https://orcs.thebiogrid.org/Dataset/884,direct website browse association; cached source identity
2014,880,pubmed,36841242,https://orcs.thebiogrid.org/Dataset/880,direct website browse association; cached source identity
2013,880,pubmed,36841242,https://orcs.thebiogrid.org/Dataset/880,direct website browse association; cached source identity
2012,880,pubmed,36841242,https://orcs.thebiogrid.org/Dataset/880,direct website browse association; cached source identity
2009,871,pubmed,34026427,https://orcs.thebiogrid.org/Dataset/871,direct website browse association; cached source identity
2008,871,pubmed,34026427,https://orcs.thebiogrid.org/Dataset/871,direct website browse association; cached source identity
2007,871,pubmed,34026427,https://orcs.thebiogrid.org/Dataset/871,direct website browse association; cached source identity
2006,726,pubmed,35508460,https://orcs.thebiogrid.org/Dataset/726,direct website browse association; cached source identity
2005,859,pubmed,34316707,https://orcs.thebiogrid.org/Dataset/859,direct website browse association; cached source identity
2004,859,pubmed,34316707,https://orcs.thebiogrid.org/Dataset/859,direct website browse association; cached source identity
2003,859,pubmed,34316707,https://orcs.thebiogrid.org/Dataset/859,direct website browse association; cached source identity
2002,861,pubmed,31287994,https://orcs.thebiogrid.org/Dataset/861,direct website browse association; cached source identity
2001,864,pubmed,36724073,https://orcs.thebiogrid.org/Dataset/864,direct website browse association; cached source identity
2000,864,pubmed,36724073,https://orcs.thebiogrid.org/Dataset/864,direct website browse association; cached source identity
1999,728,pubmed,35469023,https://orcs.thebiogrid.org/Dataset/728,direct website browse association; cached source identity
1998,728,pubmed,35469023,https://orcs.thebiogrid.org/Dataset/728,direct website browse association; cached source identity
1997,728,pubmed,35469023,https://orcs.thebiogrid.org/Dataset/728,direct website browse association; cached source identity
1996,862,pubmed,33660365,https://orcs.thebiogrid.org/Dataset/862,direct website browse association; cached source identity
1995,862,pubmed,33660365,https://orcs.thebiogrid.org/Dataset/862,direct website browse association; cached source identity
1993,863,pubmed,37193694,https://orcs.thebiogrid.org/Dataset/863,direct website browse association; cached source identity
1991,860,pubmed,33417871,https://orcs.thebiogrid.org/Dataset/860,direct website browse association; cached source identity
1990,860,pubmed,33417871,https://orcs.thebiogrid.org/Dataset/860,direct website browse association; cached source identity
1989,860,pubmed,33417871,https://orcs.thebiogrid.org/Dataset/860,direct website browse association; cached source identity
1988,842,prepub,10.1101/2023.01.23.525275,https://orcs.thebiogrid.org/Dataset/842,direct website browse association; cached source identity
1987,842,prepub,10.1101/2023.01.23.525275,https://orcs.thebiogrid.org/Dataset/842,direct website browse association; cached source identity
1986,858,pubmed,34662547,https://orcs.thebiogrid.org/Dataset/858,direct website browse association; cached source identity
1985,857,pubmed,34731885,https://orcs.thebiogrid.org/Dataset/857,direct website browse association; cached source identity
1983,856,pubmed,36305789,https://orcs.thebiogrid.org/Dataset/856,direct website browse association; cached source identity
1982,855,pubmed,34004147,https://orcs.thebiogrid.org/Dataset/855,direct website browse association; cached source identity
1981,855,pubmed,34004147,https://orcs.thebiogrid.org/Dataset/855,direct website browse association; cached source identity
1980,855,pubmed,34004147,https://orcs.thebiogrid.org/Dataset/855,direct website browse association; cached source identity
1979,855,pubmed,34004147,https://orcs.thebiogrid.org/Dataset/855,direct website browse association; cached source identity
1978,855,pubmed,34004147,https://orcs.thebiogrid.org/Dataset/855,direct website browse association; cached source identity
1977,855,pubmed,34004147,https://orcs.thebiogrid.org/Dataset/855,direct website browse association; cached source identity
1976,855,pubmed,34004147,https://orcs.thebiogrid.org/Dataset/855,direct website browse association; cached source identity
1975,855,pubmed,34004147,https://orcs.thebiogrid.org/Dataset/855,direct website browse association; cached source identity
1974,855,pubmed,34004147,https://orcs.thebiogrid.org/Dataset/855,direct website browse association; cached source identity
1973,855,pubmed,34004147,https://orcs.thebiogrid.org/Dataset/855,direct website browse association; cached source identity
1972,855,pubmed,34004147,https://orcs.thebiogrid.org/Dataset/855,direct website browse association; cached source identity
1971,855,pubmed,34004147,https://orcs.thebiogrid.org/Dataset/855,direct website browse association; cached source identity
1970,855,pubmed,34004147,https://orcs.thebiogrid.org/Dataset/855,direct website browse association; cached source identity
1969,855,pubmed,34004147,https://orcs.thebiogrid.org/Dataset/855,direct website browse association; cached source identity
1968,855,pubmed,34004147,https://orcs.thebiogrid.org/Dataset/855,direct website browse association; cached source identity
1967,855,pubmed,34004147,https://orcs.thebiogrid.org/Dataset/855,direct website browse association; cached source identity
1966,849,pubmed,34937946,https://orcs.thebiogrid.org/Dataset/849,direct website browse association; cached source identity
1964,853,pubmed,32142663,https://orcs.thebiogrid.org/Dataset/853,direct website browse association; cached source identity
1963,846,pubmed,36134452,https://orcs.thebiogrid.org/Dataset/846,direct website browse association; cached source identity
1962,846,pubmed,36134452,https://orcs.thebiogrid.org/Dataset/846,direct website browse association; cached source identity
1961,846,pubmed,36134452,https://orcs.thebiogrid.org/Dataset/846,direct website browse association; cached source identity
1960,846,pubmed,36134452,https://orcs.thebiogrid.org/Dataset/846,direct website browse association; cached source identity
1959,846,pubmed,36134452,https://orcs.thebiogrid.org/Dataset/846,direct website browse association; cached source identity
1958,846,pubmed,36134452,https://orcs.thebiogrid.org/Dataset/846,direct website browse association; cached source identity
1957,846,pubmed,36134452,https://orcs.thebiogrid.org/Dataset/846,direct website browse association; cached source identity
1956,728,pubmed,35469023,https://orcs.thebiogrid.org/Dataset/728,direct website browse association; cached source identity
1955,728,pubmed,35469023,https://orcs.thebiogrid.org/Dataset/728,direct website browse association; cached source identity
1954,841,pubmed,36548402,https://orcs.thebiogrid.org/Dataset/841,direct website browse association; cached source identity
1953,841,pubmed,36548402,https://orcs.thebiogrid.org/Dataset/841,direct website browse association; cached source identity
1952,840,pubmed,33742119,https://orcs.thebiogrid.org/Dataset/840,direct website browse association; cached source identity
1951,837,pubmed,36111891,https://orcs.thebiogrid.org/Dataset/837,direct website browse association; cached source identity
1950,837,pubmed,36111891,https://orcs.thebiogrid.org/Dataset/837,direct website browse association; cached source identity
1949,837,pubmed,36111891,https://orcs.thebiogrid.org/Dataset/837,direct website browse association; cached source identity
1948,833,pubmed,35861150,https://orcs.thebiogrid.org/Dataset/833,direct website browse association; cached source identity
1947,564,pubmed,34230586,https://orcs.thebiogrid.org/Dataset/564,direct website browse association; cached source identity
1946,831,pubmed,31010806,https://orcs.thebiogrid.org/Dataset/831,direct website browse association; cached source identity
1945,830,pubmed,30819666,https://orcs.thebiogrid.org/Dataset/830,direct website browse association; cached source identity
1944,830,pubmed,30819666,https://orcs.thebiogrid.org/Dataset/830,direct website browse association; cached source identity
1943,830,pubmed,30819666,https://orcs.thebiogrid.org/Dataset/830,direct website browse association; cached source identity
1942,827,pubmed,35657206,https://orcs.thebiogrid.org/Dataset/827,direct website browse association; cached source identity
1941,827,pubmed,35657206,https://orcs.thebiogrid.org/Dataset/827,direct website browse association; cached source identity
1940,827,pubmed,35657206,https://orcs.thebiogrid.org/Dataset/827,direct website browse association; cached source identity
1939,825,pubmed,35439318,https://orcs.thebiogrid.org/Dataset/825,direct website browse association; cached source identity
1938,825,pubmed,35439318,https://orcs.thebiogrid.org/Dataset/825,direct website browse association; cached source identity
1937,823,pubmed,35842423,https://orcs.thebiogrid.org/Dataset/823,direct website browse association; cached source identity
1936,821,pubmed,36457047,https://orcs.thebiogrid.org/Dataset/821,direct website browse association; cached source identity
1935,266,pubmed,32268084,https://orcs.thebiogrid.org/Dataset/266,direct website browse association; cached source identity
1934,266,pubmed,32268084,https://orcs.thebiogrid.org/Dataset/266,direct website browse association; cached source identity
1933,266,pubmed,32268084,https://orcs.thebiogrid.org/Dataset/266,direct website browse association; cached source identity
1932,266,pubmed,32268084,https://orcs.thebiogrid.org/Dataset/266,direct website browse association; cached source identity
1930,777,pubmed,36326816,https://orcs.thebiogrid.org/Dataset/777,direct website browse association; cached source identity
1929,777,pubmed,36326816,https://orcs.thebiogrid.org/Dataset/777,direct website browse association; cached source identity
1928,777,pubmed,36326816,https://orcs.thebiogrid.org/Dataset/777,direct website browse association; cached source identity
1927,777,pubmed,36326816,https://orcs.thebiogrid.org/Dataset/777,direct website browse association; cached source identity
1926,777,pubmed,36326816,https://orcs.thebiogrid.org/Dataset/777,direct website browse association; cached source identity
1925,777,pubmed,36326816,https://orcs.thebiogrid.org/Dataset/777,direct website browse association; cached source identity
1924,777,pubmed,36326816,https://orcs.thebiogrid.org/Dataset/777,direct website browse association; cached source identity
1923,777,pubmed,36326816,https://orcs.thebiogrid.org/Dataset/777,direct website browse association; cached source identity
1922,777,pubmed,36326816,https://orcs.thebiogrid.org/Dataset/777,direct website browse association; cached source identity
1921,777,pubmed,36326816,https://orcs.thebiogrid.org/Dataset/777,direct website browse association; cached source identity
1920,777,pubmed,36326816,https://orcs.thebiogrid.org/Dataset/777,direct website browse association; cached source identity
1919,775,prepub,10.21203/rs.3.rs-1910932/v1,https://orcs.thebiogrid.org/Dataset/775,direct website browse association; cached source identity
1918,775,prepub,10.21203/rs.3.rs-1910932/v1,https://orcs.thebiogrid.org/Dataset/775,direct website browse association; cached source identity
1917,774,pubmed,33649592,https://orcs.thebiogrid.org/Dataset/774,direct website browse association; cached source identity
1916,774,pubmed,33649592,https://orcs.thebiogrid.org/Dataset/774,direct website browse association; cached source identity
1915,774,pubmed,33649592,https://orcs.thebiogrid.org/Dataset/774,direct website browse association; cached source identity
1914,774,pubmed,33649592,https://orcs.thebiogrid.org/Dataset/774,direct website browse association; cached source identity
1913,774,pubmed,33649592,https://orcs.thebiogrid.org/Dataset/774,direct website browse association; cached source identity
1912,774,pubmed,33649592,https://orcs.thebiogrid.org/Dataset/774,direct website browse association; cached source identity
1911,774,pubmed,33649592,https://orcs.thebiogrid.org/Dataset/774,direct website browse association; cached source identity
1910,774,pubmed,33649592,https://orcs.thebiogrid.org/Dataset/774,direct website browse association; cached source identity
1909,773,pubmed,35420441,https://orcs.thebiogrid.org/Dataset/773,direct website browse association; cached source identity
1908,772,pubmed,35263388,https://orcs.thebiogrid.org/Dataset/772,direct website browse association; cached source identity
1907,768,pubmed,33864166,https://orcs.thebiogrid.org/Dataset/768,direct website browse association; cached source identity
1906,768,pubmed,33864166,https://orcs.thebiogrid.org/Dataset/768,direct website browse association; cached source identity
1905,763,pubmed,36002574,https://orcs.thebiogrid.org/Dataset/763,direct website browse association; cached source identity
1904,763,pubmed,36002574,https://orcs.thebiogrid.org/Dataset/763,direct website browse association; cached source identity
1903,763,pubmed,36002574,https://orcs.thebiogrid.org/Dataset/763,direct website browse association; cached source identity
1902,763,pubmed,36002574,https://orcs.thebiogrid.org/Dataset/763,direct website browse association; cached source identity
1901,763,pubmed,36002574,https://orcs.thebiogrid.org/Dataset/763,direct website browse association; cached source identity
1900,763,pubmed,36002574,https://orcs.thebiogrid.org/Dataset/763,direct website browse association; cached source identity
1898,757,pubmed,35149558,https://orcs.thebiogrid.org/Dataset/757,direct website browse association; cached source identity
1897,757,pubmed,35149558,https://orcs.thebiogrid.org/Dataset/757,direct website browse association; cached source identity
1895,724,pubmed,35879413,https://orcs.thebiogrid.org/Dataset/724,direct website browse association; cached source identity
1894,724,pubmed,35879413,https://orcs.thebiogrid.org/Dataset/724,direct website browse association; cached source identity
1893,724,pubmed,35879413,https://orcs.thebiogrid.org/Dataset/724,direct website browse association; cached source identity
1892,724,pubmed,35879413,https://orcs.thebiogrid.org/Dataset/724,direct website browse association; cached source identity
1891,753,pubmed,34834920,https://orcs.thebiogrid.org/Dataset/753,direct website browse association; cached source identity
1890,748,pubmed,34497417,https://orcs.thebiogrid.org/Dataset/748,direct website browse association; cached source identity
1889,748,pubmed,34497417,https://orcs.thebiogrid.org/Dataset/748,direct website browse association; cached source identity
1888,748,pubmed,34497417,https://orcs.thebiogrid.org/Dataset/748,direct website browse association; cached source identity
1887,724,pubmed,35879413,https://orcs.thebiogrid.org/Dataset/724,direct website browse association; cached source identity
1886,724,pubmed,35879413,https://orcs.thebiogrid.org/Dataset/724,direct website browse association; cached source identity
1885,748,pubmed,34497417,https://orcs.thebiogrid.org/Dataset/748,direct website browse association; cached source identity
1884,724,pubmed,35879413,https://orcs.thebiogrid.org/Dataset/724,direct website browse association; cached source identity
1883,750,pubmed,35411049,https://orcs.thebiogrid.org/Dataset/750,direct website browse association; cached source identity
1882,724,pubmed,35879413,https://orcs.thebiogrid.org/Dataset/724,direct website browse association; cached source identity
1880,748,pubmed,34497417,https://orcs.thebiogrid.org/Dataset/748,direct website browse association; cached source identity
1879,747,pubmed,35570209,https://orcs.thebiogrid.org/Dataset/747,direct website browse association; cached source identity
1878,496,pubmed,33568224,https://orcs.thebiogrid.org/Dataset/496,direct website browse association; cached source identity
1877,496,pubmed,33568224,https://orcs.thebiogrid.org/Dataset/496,direct website browse association; cached source identity
1876,496,pubmed,33568224,https://orcs.thebiogrid.org/Dataset/496,direct website browse association; cached source identity
1875,730,pubmed,35482054,https://orcs.thebiogrid.org/Dataset/730,direct website browse association; cached source identity
1874,730,pubmed,35482054,https://orcs.thebiogrid.org/Dataset/730,direct website browse association; cached source identity
1873,730,pubmed,35482054,https://orcs.thebiogrid.org/Dataset/730,direct website browse association; cached source identity
1872,730,pubmed,35482054,https://orcs.thebiogrid.org/Dataset/730,direct website browse association; cached source identity
1871,730,pubmed,35482054,https://orcs.thebiogrid.org/Dataset/730,direct website browse association; cached source identity
1870,730,pubmed,35482054,https://orcs.thebiogrid.org/Dataset/730,direct website browse association; cached source identity
1869,730,pubmed,35482054,https://orcs.thebiogrid.org/Dataset/730,direct website browse association; cached source identity
1868,730,pubmed,35482054,https://orcs.thebiogrid.org/Dataset/730,direct website browse association; cached source identity
1867,730,pubmed,35482054,https://orcs.thebiogrid.org/Dataset/730,direct website browse association; cached source identity
1866,730,pubmed,35482054,https://orcs.thebiogrid.org/Dataset/730,direct website browse association; cached source identity
1865,724,pubmed,35879413,https://orcs.thebiogrid.org/Dataset/724,direct website browse association; cached source identity
1864,724,pubmed,35879413,https://orcs.thebiogrid.org/Dataset/724,direct website browse association; cached source identity
1863,724,pubmed,35879413,https://orcs.thebiogrid.org/Dataset/724,direct website browse association; cached source identity
1862,724,pubmed,35879413,https://orcs.thebiogrid.org/Dataset/724,direct website browse association; cached source identity
1861,727,pubmed,35559673,https://orcs.thebiogrid.org/Dataset/727,direct website browse association; cached source identity
1860,727,pubmed,35559673,https://orcs.thebiogrid.org/Dataset/727,direct website browse association; cached source identity
1859,727,pubmed,35559673,https://orcs.thebiogrid.org/Dataset/727,direct website browse association; cached source identity
1858,727,pubmed,35559673,https://orcs.thebiogrid.org/Dataset/727,direct website browse association; cached source identity
1857,727,pubmed,35559673,https://orcs.thebiogrid.org/Dataset/727,direct website browse association; cached source identity
1856,727,pubmed,35559673,https://orcs.thebiogrid.org/Dataset/727,direct website browse association; cached source identity
1855,727,pubmed,35559673,https://orcs.thebiogrid.org/Dataset/727,direct website browse association; cached source identity
1854,727,pubmed,35559673,https://orcs.thebiogrid.org/Dataset/727,direct website browse association; cached source identity
1853,727,pubmed,35559673,https://orcs.thebiogrid.org/Dataset/727,direct website browse association; cached source identity
1852,727,pubmed,35559673,https://orcs.thebiogrid.org/Dataset/727,direct website browse association; cached source identity
1851,727,pubmed,35559673,https://orcs.thebiogrid.org/Dataset/727,direct website browse association; cached source identity
1850,727,pubmed,35559673,https://orcs.thebiogrid.org/Dataset/727,direct website browse association; cached source identity
1849,727,pubmed,35559673,https://orcs.thebiogrid.org/Dataset/727,direct website browse association; cached source identity
1848,727,pubmed,35559673,https://orcs.thebiogrid.org/Dataset/727,direct website browse association; cached source identity
1847,727,pubmed,35559673,https://orcs.thebiogrid.org/Dataset/727,direct website browse association; cached source identity
1846,727,pubmed,35559673,https://orcs.thebiogrid.org/Dataset/727,direct website browse association; cached source identity
1845,727,pubmed,35559673,https://orcs.thebiogrid.org/Dataset/727,direct website browse association; cached source identity
1844,724,pubmed,35879413,https://orcs.thebiogrid.org/Dataset/724,direct website browse association; cached source identity
1843,717,pubmed,33355125,https://orcs.thebiogrid.org/Dataset/717,direct website browse association; cached source identity
1840,715,pubmed,34364401,https://orcs.thebiogrid.org/Dataset/715,direct website browse association; cached source identity
1839,713,pubmed,31509742,https://orcs.thebiogrid.org/Dataset/713,direct website browse association; cached source identity
1838,713,pubmed,31509742,https://orcs.thebiogrid.org/Dataset/713,direct website browse association; cached source identity
1830,668,pubmed,35086559,https://orcs.thebiogrid.org/Dataset/668,direct website browse association; cached source identity
1829,668,pubmed,35086559,https://orcs.thebiogrid.org/Dataset/668,direct website browse association; cached source identity
1828,668,pubmed,35086559,https://orcs.thebiogrid.org/Dataset/668,direct website browse association; cached source identity
1827,668,pubmed,35086559,https://orcs.thebiogrid.org/Dataset/668,direct website browse association; cached source identity
1826,668,pubmed,35086559,https://orcs.thebiogrid.org/Dataset/668,direct website browse association; cached source identity
1825,668,pubmed,35086559,https://orcs.thebiogrid.org/Dataset/668,direct website browse association; cached source identity
1824,668,pubmed,35086559,https://orcs.thebiogrid.org/Dataset/668,direct website browse association; cached source identity
1823,668,pubmed,35086559,https://orcs.thebiogrid.org/Dataset/668,direct website browse association; cached source identity
1822,668,pubmed,35086559,https://orcs.thebiogrid.org/Dataset/668,direct website browse association; cached source identity
1821,668,pubmed,35086559,https://orcs.thebiogrid.org/Dataset/668,direct website browse association; cached source identity
1820,668,pubmed,35086559,https://orcs.thebiogrid.org/Dataset/668,direct website browse association; cached source identity
1819,668,pubmed,35086559,https://orcs.thebiogrid.org/Dataset/668,direct website browse association; cached source identity
1818,702,pubmed,34962926,https://orcs.thebiogrid.org/Dataset/702,direct website browse association; cached source identity
1817,702,pubmed,34962926,https://orcs.thebiogrid.org/Dataset/702,direct website browse association; cached source identity
1816,702,pubmed,34962926,https://orcs.thebiogrid.org/Dataset/702,direct website browse association; cached source identity
1815,702,pubmed,34962926,https://orcs.thebiogrid.org/Dataset/702,direct website browse association; cached source identity
1814,707,pubmed,31160565,https://orcs.thebiogrid.org/Dataset/707,direct website browse association; cached source identity
1813,707,pubmed,31160565,https://orcs.thebiogrid.org/Dataset/707,direct website browse association; cached source identity
1812,707,pubmed,31160565,https://orcs.thebiogrid.org/Dataset/707,direct website browse association; cached source identity
1811,707,pubmed,31160565,https://orcs.thebiogrid.org/Dataset/707,direct website browse association; cached source identity
1810,684,pubmed,35231079,https://orcs.thebiogrid.org/Dataset/684,direct website browse association; cached source identity
1808,684,pubmed,35231079,https://orcs.thebiogrid.org/Dataset/684,direct website browse association; cached source identity
1807,684,pubmed,35231079,https://orcs.thebiogrid.org/Dataset/684,direct website browse association; cached source identity
1806,684,pubmed,35231079,https://orcs.thebiogrid.org/Dataset/684,direct website browse association; cached source identity
1805,706,pubmed,35192680,https://orcs.thebiogrid.org/Dataset/706,direct website browse association; cached source identity
1804,706,pubmed,35192680,https://orcs.thebiogrid.org/Dataset/706,direct website browse association; cached source identity
1803,684,pubmed,35231079,https://orcs.thebiogrid.org/Dataset/684,direct website browse association; cached source identity
1802,704,pubmed,35221331,https://orcs.thebiogrid.org/Dataset/704,direct website browse association; cached source identity
1801,698,pubmed,32299104,https://orcs.thebiogrid.org/Dataset/698,direct website browse association; cached source identity
1800,695,pubmed,34373451,https://orcs.thebiogrid.org/Dataset/695,direct website browse association; cached source identity
1799,695,pubmed,34373451,https://orcs.thebiogrid.org/Dataset/695,direct website browse association; cached source identity
1798,695,pubmed,34373451,https://orcs.thebiogrid.org/Dataset/695,direct website browse association; cached source identity
1797,695,pubmed,34373451,https://orcs.thebiogrid.org/Dataset/695,direct website browse association; cached source identity
1796,695,pubmed,34373451,https://orcs.thebiogrid.org/Dataset/695,direct website browse association; cached source identity
1795,695,pubmed,34373451,https://orcs.thebiogrid.org/Dataset/695,direct website browse association; cached source identity
1794,695,pubmed,34373451,https://orcs.thebiogrid.org/Dataset/695,direct website browse association; cached source identity
1793,695,pubmed,34373451,https://orcs.thebiogrid.org/Dataset/695,direct website browse association; cached source identity
1792,691,pubmed,34155407,https://orcs.thebiogrid.org/Dataset/691,direct website browse association; cached source identity
1791,691,pubmed,34155407,https://orcs.thebiogrid.org/Dataset/691,direct website browse association; cached source identity
1790,691,pubmed,34155407,https://orcs.thebiogrid.org/Dataset/691,direct website browse association; cached source identity
1789,691,pubmed,34155407,https://orcs.thebiogrid.org/Dataset/691,direct website browse association; cached source identity
1788,691,pubmed,34155407,https://orcs.thebiogrid.org/Dataset/691,direct website browse association; cached source identity
1787,691,pubmed,34155407,https://orcs.thebiogrid.org/Dataset/691,direct website browse association; cached source identity
1786,690,pubmed,33846634,https://orcs.thebiogrid.org/Dataset/690,direct website browse association; cached source identity
1785,690,pubmed,33846634,https://orcs.thebiogrid.org/Dataset/690,direct website browse association; cached source identity
1784,690,pubmed,33846634,https://orcs.thebiogrid.org/Dataset/690,direct website browse association; cached source identity
1783,688,pubmed,34907164,https://orcs.thebiogrid.org/Dataset/688,direct website browse association; cached source identity
1782,687,pubmed,33953401,https://orcs.thebiogrid.org/Dataset/687,direct website browse association; cached source identity
1781,687,pubmed,33953401,https://orcs.thebiogrid.org/Dataset/687,direct website browse association; cached source identity
1779,685,pubmed,33375770,https://orcs.thebiogrid.org/Dataset/685,direct website browse association; cached source identity
1778,683,pubmed,33513160,https://orcs.thebiogrid.org/Dataset/683,direct website browse association; cached source identity
1777,683,pubmed,33513160,https://orcs.thebiogrid.org/Dataset/683,direct website browse association; cached source identity
1776,683,pubmed,33513160,https://orcs.thebiogrid.org/Dataset/683,direct website browse association; cached source identity
1775,683,pubmed,33513160,https://orcs.thebiogrid.org/Dataset/683,direct website browse association; cached source identity
1774,683,pubmed,33513160,https://orcs.thebiogrid.org/Dataset/683,direct website browse association; cached source identity
1773,683,pubmed,33513160,https://orcs.thebiogrid.org/Dataset/683,direct website browse association; cached source identity
1772,683,pubmed,33513160,https://orcs.thebiogrid.org/Dataset/683,direct website browse association; cached source identity
1771,683,pubmed,33513160,https://orcs.thebiogrid.org/Dataset/683,direct website browse association; cached source identity
1770,683,pubmed,33513160,https://orcs.thebiogrid.org/Dataset/683,direct website browse association; cached source identity
1769,683,pubmed,33513160,https://orcs.thebiogrid.org/Dataset/683,direct website browse association; cached source identity
1768,683,pubmed,33513160,https://orcs.thebiogrid.org/Dataset/683,direct website browse association; cached source identity
1767,681,pubmed,30773463,https://orcs.thebiogrid.org/Dataset/681,direct website browse association; cached source identity
1766,681,pubmed,30773463,https://orcs.thebiogrid.org/Dataset/681,direct website browse association; cached source identity
1764,679,pubmed,35021089,https://orcs.thebiogrid.org/Dataset/679,direct website browse association; cached source identity
1763,679,pubmed,35021089,https://orcs.thebiogrid.org/Dataset/679,direct website browse association; cached source identity
1762,679,pubmed,35021089,https://orcs.thebiogrid.org/Dataset/679,direct website browse association; cached source identity
1761,679,pubmed,35021089,https://orcs.thebiogrid.org/Dataset/679,direct website browse association; cached source identity
1760,679,pubmed,35021089,https://orcs.thebiogrid.org/Dataset/679,direct website browse association; cached source identity
1759,679,pubmed,35021089,https://orcs.thebiogrid.org/Dataset/679,direct website browse association; cached source identity
1758,679,pubmed,35021089,https://orcs.thebiogrid.org/Dataset/679,direct website browse association; cached source identity
1757,679,pubmed,35021089,https://orcs.thebiogrid.org/Dataset/679,direct website browse association; cached source identity
1756,679,pubmed,35021089,https://orcs.thebiogrid.org/Dataset/679,direct website browse association; cached source identity
1755,679,pubmed,35021089,https://orcs.thebiogrid.org/Dataset/679,direct website browse association; cached source identity
1754,679,pubmed,35021089,https://orcs.thebiogrid.org/Dataset/679,direct website browse association; cached source identity
1753,679,pubmed,35021089,https://orcs.thebiogrid.org/Dataset/679,direct website browse association; cached source identity
1752,671,pubmed,34686207,https://orcs.thebiogrid.org/Dataset/671,direct website browse association; cached source identity
1751,671,pubmed,34686207,https://orcs.thebiogrid.org/Dataset/671,direct website browse association; cached source identity
1750,671,pubmed,34686207,https://orcs.thebiogrid.org/Dataset/671,direct website browse association; cached source identity
1749,671,pubmed,34686207,https://orcs.thebiogrid.org/Dataset/671,direct website browse association; cached source identity
1748,670,pubmed,34667112,https://orcs.thebiogrid.org/Dataset/670,direct website browse association; cached source identity
1747,670,pubmed,34667112,https://orcs.thebiogrid.org/Dataset/670,direct website browse association; cached source identity
1746,670,pubmed,34667112,https://orcs.thebiogrid.org/Dataset/670,direct website browse association; cached source identity
1745,670,pubmed,34667112,https://orcs.thebiogrid.org/Dataset/670,direct website browse association; cached source identity
1744,670,pubmed,34667112,https://orcs.thebiogrid.org/Dataset/670,direct website browse association; cached source identity
1743,670,pubmed,34667112,https://orcs.thebiogrid.org/Dataset/670,direct website browse association; cached source identity
1742,653,pubmed,34431042,https://orcs.thebiogrid.org/Dataset/653,direct website browse association; cached source identity
1741,663,pubmed,34437126,https://orcs.thebiogrid.org/Dataset/663,direct website browse association; cached source identity
1739,657,prepub,https://www.biorxiv.org/content/10.1101/2020.08.27.270819v1.full,https://orcs.thebiogrid.org/Dataset/657,direct website browse association; cached source identity
1738,657,prepub,https://www.biorxiv.org/content/10.1101/2020.08.27.270819v1.full,https://orcs.thebiogrid.org/Dataset/657,direct website browse association; cached source identity
1737,657,prepub,https://www.biorxiv.org/content/10.1101/2020.08.27.270819v1.full,https://orcs.thebiogrid.org/Dataset/657,direct website browse association; cached source identity
1736,657,prepub,https://www.biorxiv.org/content/10.1101/2020.08.27.270819v1.full,https://orcs.thebiogrid.org/Dataset/657,direct website browse association; cached source identity
1735,657,prepub,https://www.biorxiv.org/content/10.1101/2020.08.27.270819v1.full,https://orcs.thebiogrid.org/Dataset/657,direct website browse association; cached source identity
1733,658,pubmed,35050652,https://orcs.thebiogrid.org/Dataset/658,direct website browse association; cached source identity
1732,658,pubmed,35050652,https://orcs.thebiogrid.org/Dataset/658,direct website browse association; cached source identity
1731,650,pubmed,34805786,https://orcs.thebiogrid.org/Dataset/650,direct website browse association; cached source identity
1730,650,pubmed,34805786,https://orcs.thebiogrid.org/Dataset/650,direct website browse association; cached source identity
1729,650,pubmed,34805786,https://orcs.thebiogrid.org/Dataset/650,direct website browse association; cached source identity
1728,650,pubmed,34805786,https://orcs.thebiogrid.org/Dataset/650,direct website browse association; cached source identity
1727,593,pubmed,35421191,https://orcs.thebiogrid.org/Dataset/593,direct website browse association; cached source identity
1726,593,pubmed,35421191,https://orcs.thebiogrid.org/Dataset/593,direct website browse association; cached source identity
1725,649,pubmed,33483422,https://orcs.thebiogrid.org/Dataset/649,direct website browse association; cached source identity
1722,593,pubmed,35421191,https://orcs.thebiogrid.org/Dataset/593,direct website browse association; cached source identity
1721,648,pubmed,33813748,https://orcs.thebiogrid.org/Dataset/648,direct website browse association; cached source identity
1720,647,pubmed,33562682,https://orcs.thebiogrid.org/Dataset/647,direct website browse association; cached source identity
1719,593,pubmed,35421191,https://orcs.thebiogrid.org/Dataset/593,direct website browse association; cached source identity
1718,475,prepub,10.1101/2021.01.19.427194,https://orcs.thebiogrid.org/Dataset/475,direct website browse association; cached source identity
1717,646,pubmed,34016692,https://orcs.thebiogrid.org/Dataset/646,direct website browse association; cached source identity
1716,646,pubmed,34016692,https://orcs.thebiogrid.org/Dataset/646,direct website browse association; cached source identity
1715,646,pubmed,34016692,https://orcs.thebiogrid.org/Dataset/646,direct website browse association; cached source identity
1714,646,pubmed,34016692,https://orcs.thebiogrid.org/Dataset/646,direct website browse association; cached source identity
1713,645,pubmed,33872695,https://orcs.thebiogrid.org/Dataset/645,direct website browse association; cached source identity
1712,475,prepub,10.1101/2021.01.19.427194,https://orcs.thebiogrid.org/Dataset/475,direct website browse association; cached source identity
1710,644,pubmed,33604667,https://orcs.thebiogrid.org/Dataset/644,direct website browse association; cached source identity
1709,641,pubmed,33271924,https://orcs.thebiogrid.org/Dataset/641,direct website browse association; cached source identity
1708,513,pubmed,35879412,https://orcs.thebiogrid.org/Dataset/513,direct website browse association; cached source identity
1707,641,pubmed,33271924,https://orcs.thebiogrid.org/Dataset/641,direct website browse association; cached source identity
1706,513,pubmed,35879412,https://orcs.thebiogrid.org/Dataset/513,direct website browse association; cached source identity
1705,640,pubmed,30414698,https://orcs.thebiogrid.org/Dataset/640,direct website browse association; cached source identity
1704,513,pubmed,35879412,https://orcs.thebiogrid.org/Dataset/513,direct website browse association; cached source identity
1703,637,pubmed,30464262,https://orcs.thebiogrid.org/Dataset/637,direct website browse association; cached source identity
1702,637,pubmed,30464262,https://orcs.thebiogrid.org/Dataset/637,direct website browse association; cached source identity
1701,623,pubmed,32579974,https://orcs.thebiogrid.org/Dataset/623,direct website browse association; cached source identity
1700,623,pubmed,32579974,https://orcs.thebiogrid.org/Dataset/623,direct website browse association; cached source identity
1699,623,pubmed,32579974,https://orcs.thebiogrid.org/Dataset/623,direct website browse association; cached source identity
1698,623,pubmed,32579974,https://orcs.thebiogrid.org/Dataset/623,direct website browse association; cached source identity
1697,623,pubmed,32579974,https://orcs.thebiogrid.org/Dataset/623,direct website browse association; cached source identity
1696,633,pubmed,31406271,https://orcs.thebiogrid.org/Dataset/633,direct website browse association; cached source identity
1695,633,pubmed,31406271,https://orcs.thebiogrid.org/Dataset/633,direct website browse association; cached source identity
1694,633,pubmed,31406271,https://orcs.thebiogrid.org/Dataset/633,direct website browse association; cached source identity
1693,633,pubmed,31406271,https://orcs.thebiogrid.org/Dataset/633,direct website browse association; cached source identity
1692,633,pubmed,31406271,https://orcs.thebiogrid.org/Dataset/633,direct website browse association; cached source identity
1691,633,pubmed,31406271,https://orcs.thebiogrid.org/Dataset/633,direct website browse association; cached source identity
1690,633,pubmed,31406271,https://orcs.thebiogrid.org/Dataset/633,direct website browse association; cached source identity
1689,633,pubmed,31406271,https://orcs.thebiogrid.org/Dataset/633,direct website browse association; cached source identity
1688,633,pubmed,31406271,https://orcs.thebiogrid.org/Dataset/633,direct website browse association; cached source identity
1687,633,pubmed,31406271,https://orcs.thebiogrid.org/Dataset/633,direct website browse association; cached source identity
1686,631,pubmed,34000301,https://orcs.thebiogrid.org/Dataset/631,direct website browse association; cached source identity
1685,627,pubmed,31618756,https://orcs.thebiogrid.org/Dataset/627,direct website browse association; cached source identity
1684,627,pubmed,31618756,https://orcs.thebiogrid.org/Dataset/627,direct website browse association; cached source identity
1683,627,pubmed,31618756,https://orcs.thebiogrid.org/Dataset/627,direct website browse association; cached source identity
1682,627,pubmed,31618756,https://orcs.thebiogrid.org/Dataset/627,direct website browse association; cached source identity
1681,627,pubmed,31618756,https://orcs.thebiogrid.org/Dataset/627,direct website browse association; cached source identity
1680,627,pubmed,31618756,https://orcs.thebiogrid.org/Dataset/627,direct website browse association; cached source identity
1679,627,pubmed,31618756,https://orcs.thebiogrid.org/Dataset/627,direct website browse association; cached source identity
1678,625,pubmed,31959936,https://orcs.thebiogrid.org/Dataset/625,direct website browse association; cached source identity
1677,614,pubmed,31437751,https://orcs.thebiogrid.org/Dataset/614,direct website browse association; cached source identity
1670,616,pubmed,34615851,https://orcs.thebiogrid.org/Dataset/616,direct website browse association; cached source identity
1669,616,pubmed,34615851,https://orcs.thebiogrid.org/Dataset/616,direct website browse association; cached source identity
1668,613,pubmed,34582788,https://orcs.thebiogrid.org/Dataset/613,direct website browse association; cached source identity
1667,613,pubmed,34582788,https://orcs.thebiogrid.org/Dataset/613,direct website browse association; cached source identity
1666,613,pubmed,34582788,https://orcs.thebiogrid.org/Dataset/613,direct website browse association; cached source identity
1664,613,pubmed,34582788,https://orcs.thebiogrid.org/Dataset/613,direct website browse association; cached source identity
1663,613,pubmed,34582788,https://orcs.thebiogrid.org/Dataset/613,direct website browse association; cached source identity
1662,604,pubmed,34290256,https://orcs.thebiogrid.org/Dataset/604,direct website browse association; cached source identity
1661,603,pubmed,34621019,https://orcs.thebiogrid.org/Dataset/603,direct website browse association; cached source identity
1660,603,pubmed,34621019,https://orcs.thebiogrid.org/Dataset/603,direct website browse association; cached source identity
1659,591,pubmed,31882897,https://orcs.thebiogrid.org/Dataset/591,direct website browse association; cached source identity
1658,581,pubmed,34253920,https://orcs.thebiogrid.org/Dataset/581,direct website browse association; cached source identity
1657,581,pubmed,34253920,https://orcs.thebiogrid.org/Dataset/581,direct website browse association; cached source identity
1656,581,pubmed,34253920,https://orcs.thebiogrid.org/Dataset/581,direct website browse association; cached source identity
1654,580,pubmed,34049503,https://orcs.thebiogrid.org/Dataset/580,direct website browse association; cached source identity
1653,580,pubmed,34049503,https://orcs.thebiogrid.org/Dataset/580,direct website browse association; cached source identity
1652,580,pubmed,34049503,https://orcs.thebiogrid.org/Dataset/580,direct website browse association; cached source identity
1651,580,pubmed,34049503,https://orcs.thebiogrid.org/Dataset/580,direct website browse association; cached source identity
1650,580,pubmed,34049503,https://orcs.thebiogrid.org/Dataset/580,direct website browse association; cached source identity
1649,580,pubmed,34049503,https://orcs.thebiogrid.org/Dataset/580,direct website browse association; cached source identity
1648,580,pubmed,34049503,https://orcs.thebiogrid.org/Dataset/580,direct website browse association; cached source identity
1647,580,pubmed,34049503,https://orcs.thebiogrid.org/Dataset/580,direct website browse association; cached source identity
1646,580,pubmed,34049503,https://orcs.thebiogrid.org/Dataset/580,direct website browse association; cached source identity
1645,580,pubmed,34049503,https://orcs.thebiogrid.org/Dataset/580,direct website browse association; cached source identity
1644,580,pubmed,34049503,https://orcs.thebiogrid.org/Dataset/580,direct website browse association; cached source identity
1643,580,pubmed,34049503,https://orcs.thebiogrid.org/Dataset/580,direct website browse association; cached source identity
1642,580,pubmed,34049503,https://orcs.thebiogrid.org/Dataset/580,direct website browse association; cached source identity
1641,580,pubmed,34049503,https://orcs.thebiogrid.org/Dataset/580,direct website browse association; cached source identity
1640,580,pubmed,34049503,https://orcs.thebiogrid.org/Dataset/580,direct website browse association; cached source identity
1639,580,pubmed,34049503,https://orcs.thebiogrid.org/Dataset/580,direct website browse association; cached source identity
1638,579,pubmed,34066520,https://orcs.thebiogrid.org/Dataset/579,direct website browse association; cached source identity
1636,481,pubmed,31406246,https://orcs.thebiogrid.org/Dataset/481,direct website browse association; cached source identity
1635,481,pubmed,31406246,https://orcs.thebiogrid.org/Dataset/481,direct website browse association; cached source identity
1634,481,pubmed,31406246,https://orcs.thebiogrid.org/Dataset/481,direct website browse association; cached source identity
1633,481,pubmed,31406246,https://orcs.thebiogrid.org/Dataset/481,direct website browse association; cached source identity
1632,481,pubmed,31406246,https://orcs.thebiogrid.org/Dataset/481,direct website browse association; cached source identity
1631,481,pubmed,31406246,https://orcs.thebiogrid.org/Dataset/481,direct website browse association; cached source identity
1630,393,pubmed,31570734,https://orcs.thebiogrid.org/Dataset/393,direct website browse association; cached source identity
1629,498,pubmed,31903165,https://orcs.thebiogrid.org/Dataset/498,direct website browse association; cached source identity
1628,563,pubmed,33137164,https://orcs.thebiogrid.org/Dataset/563,direct website browse association; cached source identity
1627,563,pubmed,33137164,https://orcs.thebiogrid.org/Dataset/563,direct website browse association; cached source identity
1626,563,pubmed,33137164,https://orcs.thebiogrid.org/Dataset/563,direct website browse association; cached source identity
1625,563,pubmed,33137164,https://orcs.thebiogrid.org/Dataset/563,direct website browse association; cached source identity
1624,563,pubmed,33137164,https://orcs.thebiogrid.org/Dataset/563,direct website browse association; cached source identity
1623,563,pubmed,33137164,https://orcs.thebiogrid.org/Dataset/563,direct website browse association; cached source identity
1622,511,pubmed,33574281,https://orcs.thebiogrid.org/Dataset/511,direct website browse association; cached source identity
1621,365,pubmed,31508509,https://orcs.thebiogrid.org/Dataset/365,direct website browse association; cached source identity
1619,561,pubmed,33208877,https://orcs.thebiogrid.org/Dataset/561,direct website browse association; cached source identity
1618,505,pubmed,30093494,https://orcs.thebiogrid.org/Dataset/505,direct website browse association; cached source identity
1617,516,pubmed,33743211,https://orcs.thebiogrid.org/Dataset/516,direct website browse association; cached source identity
1616,516,pubmed,33743211,https://orcs.thebiogrid.org/Dataset/516,direct website browse association; cached source identity
1615,516,pubmed,33743211,https://orcs.thebiogrid.org/Dataset/516,direct website browse association; cached source identity
1614,516,pubmed,33743211,https://orcs.thebiogrid.org/Dataset/516,direct website browse association; cached source identity
1613,516,pubmed,33743211,https://orcs.thebiogrid.org/Dataset/516,direct website browse association; cached source identity
1612,516,pubmed,33743211,https://orcs.thebiogrid.org/Dataset/516,direct website browse association; cached source identity
1611,516,pubmed,33743211,https://orcs.thebiogrid.org/Dataset/516,direct website browse association; cached source identity
1609,561,pubmed,33208877,https://orcs.thebiogrid.org/Dataset/561,direct website browse association; cached source identity
1608,402,pubmed,31147448,https://orcs.thebiogrid.org/Dataset/402,direct website browse association; cached source identity
1607,516,pubmed,33743211,https://orcs.thebiogrid.org/Dataset/516,direct website browse association; cached source identity
1606,516,pubmed,33743211,https://orcs.thebiogrid.org/Dataset/516,direct website browse association; cached source identity
1605,516,pubmed,33743211,https://orcs.thebiogrid.org/Dataset/516,direct website browse association; cached source identity
1604,516,pubmed,33743211,https://orcs.thebiogrid.org/Dataset/516,direct website browse association; cached source identity
1603,516,pubmed,33743211,https://orcs.thebiogrid.org/Dataset/516,direct website browse association; cached source identity
1602,516,pubmed,33743211,https://orcs.thebiogrid.org/Dataset/516,direct website browse association; cached source identity
1601,516,pubmed,33743211,https://orcs.thebiogrid.org/Dataset/516,direct website browse association; cached source identity
1593,559,pubmed,33226137,https://orcs.thebiogrid.org/Dataset/559,direct website browse association; cached source identity
1592,559,pubmed,33226137,https://orcs.thebiogrid.org/Dataset/559,direct website browse association; cached source identity
1591,559,pubmed,33226137,https://orcs.thebiogrid.org/Dataset/559,direct website browse association; cached source identity
1589,557,pubmed,33547076,https://orcs.thebiogrid.org/Dataset/557,direct website browse association; cached source identity
1588,557,pubmed,33547076,https://orcs.thebiogrid.org/Dataset/557,direct website browse association; cached source identity
1587,552,pubmed,30944478,https://orcs.thebiogrid.org/Dataset/552,direct website browse association; cached source identity
1586,551,pubmed,31604991,https://orcs.thebiogrid.org/Dataset/551,direct website browse association; cached source identity
1585,549,pubmed,33372156,https://orcs.thebiogrid.org/Dataset/549,direct website browse association; cached source identity
1584,507,pubmed,33686287,https://orcs.thebiogrid.org/Dataset/507,direct website browse association; cached source identity
1583,507,pubmed,33686287,https://orcs.thebiogrid.org/Dataset/507,direct website browse association; cached source identity
1582,507,pubmed,33686287,https://orcs.thebiogrid.org/Dataset/507,direct website browse association; cached source identity
1581,507,pubmed,33686287,https://orcs.thebiogrid.org/Dataset/507,direct website browse association; cached source identity
1580,539,pubmed,31868589,https://orcs.thebiogrid.org/Dataset/539,direct website browse association; cached source identity
1579,539,pubmed,31868589,https://orcs.thebiogrid.org/Dataset/539,direct website browse association; cached source identity
1578,539,pubmed,31868589,https://orcs.thebiogrid.org/Dataset/539,direct website browse association; cached source identity
1577,539,pubmed,31868589,https://orcs.thebiogrid.org/Dataset/539,direct website browse association; cached source identity
1576,539,pubmed,31868589,https://orcs.thebiogrid.org/Dataset/539,direct website browse association; cached source identity
1575,537,pubmed,31692446,https://orcs.thebiogrid.org/Dataset/537,direct website browse association; cached source identity
1574,537,pubmed,31692446,https://orcs.thebiogrid.org/Dataset/537,direct website browse association; cached source identity
1573,537,pubmed,31692446,https://orcs.thebiogrid.org/Dataset/537,direct website browse association; cached source identity
1571,534,pubmed,31519875,https://orcs.thebiogrid.org/Dataset/534,direct website browse association; cached source identity
1570,533,pubmed,32499641,https://orcs.thebiogrid.org/Dataset/533,direct website browse association; cached source identity
1569,529,pubmed,33476303,https://orcs.thebiogrid.org/Dataset/529,direct website browse association; cached source identity
1568,529,pubmed,33476303,https://orcs.thebiogrid.org/Dataset/529,direct website browse association; cached source identity
1567,528,pubmed,33523994,https://orcs.thebiogrid.org/Dataset/528,direct website browse association; cached source identity
1566,527,pubmed,33577797,https://orcs.thebiogrid.org/Dataset/527,direct website browse association; cached source identity
1565,522,pubmed,33676427,https://orcs.thebiogrid.org/Dataset/522,direct website browse association; cached source identity
1564,521,pubmed,33854235,https://orcs.thebiogrid.org/Dataset/521,direct website browse association; cached source identity
1563,521,pubmed,33854235,https://orcs.thebiogrid.org/Dataset/521,direct website browse association; cached source identity
1562,519,pubmed,33847741,https://orcs.thebiogrid.org/Dataset/519,direct website browse association; cached source identity
1561,518,pubmed,33730579,https://orcs.thebiogrid.org/Dataset/518,direct website browse association; cached source identity
1560,517,pubmed,32160526,https://orcs.thebiogrid.org/Dataset/517,direct website browse association; cached source identity
1559,460,pubmed,32355287,https://orcs.thebiogrid.org/Dataset/460,direct website browse association; cached source identity
1558,460,pubmed,32355287,https://orcs.thebiogrid.org/Dataset/460,direct website browse association; cached source identity
1557,460,pubmed,32355287,https://orcs.thebiogrid.org/Dataset/460,direct website browse association; cached source identity
1556,460,pubmed,32355287,https://orcs.thebiogrid.org/Dataset/460,direct website browse association; cached source identity
1555,460,pubmed,32355287,https://orcs.thebiogrid.org/Dataset/460,direct website browse association; cached source identity
1554,460,pubmed,32355287,https://orcs.thebiogrid.org/Dataset/460,direct website browse association; cached source identity
1553,460,pubmed,32355287,https://orcs.thebiogrid.org/Dataset/460,direct website browse association; cached source identity
1552,460,pubmed,32355287,https://orcs.thebiogrid.org/Dataset/460,direct website browse association; cached source identity
1551,460,pubmed,32355287,https://orcs.thebiogrid.org/Dataset/460,direct website browse association; cached source identity
1550,460,pubmed,32355287,https://orcs.thebiogrid.org/Dataset/460,direct website browse association; cached source identity
1549,460,pubmed,32355287,https://orcs.thebiogrid.org/Dataset/460,direct website browse association; cached source identity
1548,460,pubmed,32355287,https://orcs.thebiogrid.org/Dataset/460,direct website browse association; cached source identity
1547,460,pubmed,32355287,https://orcs.thebiogrid.org/Dataset/460,direct website browse association; cached source identity
1546,460,pubmed,32355287,https://orcs.thebiogrid.org/Dataset/460,direct website browse association; cached source identity
1545,460,pubmed,32355287,https://orcs.thebiogrid.org/Dataset/460,direct website browse association; cached source identity
1544,460,pubmed,32355287,https://orcs.thebiogrid.org/Dataset/460,direct website browse association; cached source identity
1543,460,pubmed,32355287,https://orcs.thebiogrid.org/Dataset/460,direct website browse association; cached source identity
1542,460,pubmed,32355287,https://orcs.thebiogrid.org/Dataset/460,direct website browse association; cached source identity
1541,460,pubmed,32355287,https://orcs.thebiogrid.org/Dataset/460,direct website browse association; cached source identity
1540,460,pubmed,32355287,https://orcs.thebiogrid.org/Dataset/460,direct website browse association; cached source identity
1539,460,pubmed,32355287,https://orcs.thebiogrid.org/Dataset/460,direct website browse association; cached source identity
1538,460,pubmed,32355287,https://orcs.thebiogrid.org/Dataset/460,direct website browse association; cached source identity
1537,460,pubmed,32355287,https://orcs.thebiogrid.org/Dataset/460,direct website browse association; cached source identity
1536,460,pubmed,32355287,https://orcs.thebiogrid.org/Dataset/460,direct website browse association; cached source identity
1535,460,pubmed,32355287,https://orcs.thebiogrid.org/Dataset/460,direct website browse association; cached source identity
1534,460,pubmed,32355287,https://orcs.thebiogrid.org/Dataset/460,direct website browse association; cached source identity
1533,460,pubmed,32355287,https://orcs.thebiogrid.org/Dataset/460,direct website browse association; cached source identity
1532,460,pubmed,32355287,https://orcs.thebiogrid.org/Dataset/460,direct website browse association; cached source identity
1531,460,pubmed,32355287,https://orcs.thebiogrid.org/Dataset/460,direct website browse association; cached source identity
1530,460,pubmed,32355287,https://orcs.thebiogrid.org/Dataset/460,direct website browse association; cached source identity
1529,460,pubmed,32355287,https://orcs.thebiogrid.org/Dataset/460,direct website browse association; cached source identity
1528,460,pubmed,32355287,https://orcs.thebiogrid.org/Dataset/460,direct website browse association; cached source identity
1527,460,pubmed,32355287,https://orcs.thebiogrid.org/Dataset/460,direct website browse association; cached source identity
1526,460,pubmed,32355287,https://orcs.thebiogrid.org/Dataset/460,direct website browse association; cached source identity
1525,460,pubmed,32355287,https://orcs.thebiogrid.org/Dataset/460,direct website browse association; cached source identity
1524,500,pubmed,32699298,https://orcs.thebiogrid.org/Dataset/500,direct website browse association; cached source identity
1523,460,pubmed,32355287,https://orcs.thebiogrid.org/Dataset/460,direct website browse association; cached source identity
1522,506,pubmed,31657721,https://orcs.thebiogrid.org/Dataset/506,direct website browse association; cached source identity
1521,506,pubmed,31657721,https://orcs.thebiogrid.org/Dataset/506,direct website browse association; cached source identity
1520,503,pubmed,30787439,https://orcs.thebiogrid.org/Dataset/503,direct website browse association; cached source identity
1519,502,pubmed,31076567,https://orcs.thebiogrid.org/Dataset/502,direct website browse association; cached source identity
1518,466,pubmed,33539788,https://orcs.thebiogrid.org/Dataset/466,direct website browse association; cached source identity
1517,466,pubmed,33539788,https://orcs.thebiogrid.org/Dataset/466,direct website browse association; cached source identity
1516,466,pubmed,33539788,https://orcs.thebiogrid.org/Dataset/466,direct website browse association; cached source identity
1515,466,pubmed,33539788,https://orcs.thebiogrid.org/Dataset/466,direct website browse association; cached source identity
1514,466,pubmed,33539788,https://orcs.thebiogrid.org/Dataset/466,direct website browse association; cached source identity
1513,466,pubmed,33539788,https://orcs.thebiogrid.org/Dataset/466,direct website browse association; cached source identity
1512,466,pubmed,33539788,https://orcs.thebiogrid.org/Dataset/466,direct website browse association; cached source identity
1511,466,pubmed,33539788,https://orcs.thebiogrid.org/Dataset/466,direct website browse association; cached source identity
1510,466,pubmed,33539788,https://orcs.thebiogrid.org/Dataset/466,direct website browse association; cached source identity
1509,466,pubmed,33539788,https://orcs.thebiogrid.org/Dataset/466,direct website browse association; cached source identity
1508,466,pubmed,33539788,https://orcs.thebiogrid.org/Dataset/466,direct website browse association; cached source identity
1507,466,pubmed,33539788,https://orcs.thebiogrid.org/Dataset/466,direct website browse association; cached source identity
1506,466,pubmed,33539788,https://orcs.thebiogrid.org/Dataset/466,direct website browse association; cached source identity
1505,466,pubmed,33539788,https://orcs.thebiogrid.org/Dataset/466,direct website browse association; cached source identity
1504,466,pubmed,33539788,https://orcs.thebiogrid.org/Dataset/466,direct website browse association; cached source identity
1503,466,pubmed,33539788,https://orcs.thebiogrid.org/Dataset/466,direct website browse association; cached source identity
1502,466,pubmed,33539788,https://orcs.thebiogrid.org/Dataset/466,direct website browse association; cached source identity
1501,466,pubmed,33539788,https://orcs.thebiogrid.org/Dataset/466,direct website browse association; cached source identity
1500,466,pubmed,33539788,https://orcs.thebiogrid.org/Dataset/466,direct website browse association; cached source identity
1499,466,pubmed,33539788,https://orcs.thebiogrid.org/Dataset/466,direct website browse association; cached source identity
1498,466,pubmed,33539788,https://orcs.thebiogrid.org/Dataset/466,direct website browse association; cached source identity
1497,466,pubmed,33539788,https://orcs.thebiogrid.org/Dataset/466,direct website browse association; cached source identity
1496,466,pubmed,33539788,https://orcs.thebiogrid.org/Dataset/466,direct website browse association; cached source identity
1495,466,pubmed,33539788,https://orcs.thebiogrid.org/Dataset/466,direct website browse association; cached source identity
1494,466,pubmed,33539788,https://orcs.thebiogrid.org/Dataset/466,direct website browse association; cached source identity
1493,466,pubmed,33539788,https://orcs.thebiogrid.org/Dataset/466,direct website browse association; cached source identity
1492,466,pubmed,33539788,https://orcs.thebiogrid.org/Dataset/466,direct website browse association; cached source identity
1491,466,pubmed,33539788,https://orcs.thebiogrid.org/Dataset/466,direct website browse association; cached source identity
1490,501,pubmed,32156810,https://orcs.thebiogrid.org/Dataset/501,direct website browse association; cached source identity
1489,501,pubmed,32156810,https://orcs.thebiogrid.org/Dataset/501,direct website browse association; cached source identity
1488,499,pubmed,30838976,https://orcs.thebiogrid.org/Dataset/499,direct website browse association; cached source identity
1487,499,pubmed,30838976,https://orcs.thebiogrid.org/Dataset/499,direct website browse association; cached source identity
1486,497,pubmed,32528131,https://orcs.thebiogrid.org/Dataset/497,direct website browse association; cached source identity
1485,497,pubmed,32528131,https://orcs.thebiogrid.org/Dataset/497,direct website browse association; cached source identity
1484,494,pubmed,32640256,https://orcs.thebiogrid.org/Dataset/494,direct website browse association; cached source identity
1483,494,pubmed,32640256,https://orcs.thebiogrid.org/Dataset/494,direct website browse association; cached source identity
1482,494,pubmed,32640256,https://orcs.thebiogrid.org/Dataset/494,direct website browse association; cached source identity
1481,494,pubmed,32640256,https://orcs.thebiogrid.org/Dataset/494,direct website browse association; cached source identity
1480,491,pubmed,33172989,https://orcs.thebiogrid.org/Dataset/491,direct website browse association; cached source identity
1479,491,pubmed,33172989,https://orcs.thebiogrid.org/Dataset/491,direct website browse association; cached source identity
1478,466,pubmed,33539788,https://orcs.thebiogrid.org/Dataset/466,direct website browse association; cached source identity
1477,466,pubmed,33539788,https://orcs.thebiogrid.org/Dataset/466,direct website browse association; cached source identity
1476,466,pubmed,33539788,https://orcs.thebiogrid.org/Dataset/466,direct website browse association; cached source identity
1475,466,pubmed,33539788,https://orcs.thebiogrid.org/Dataset/466,direct website browse association; cached source identity
1474,466,pubmed,33539788,https://orcs.thebiogrid.org/Dataset/466,direct website browse association; cached source identity
1473,466,pubmed,33539788,https://orcs.thebiogrid.org/Dataset/466,direct website browse association; cached source identity
1472,466,pubmed,33539788,https://orcs.thebiogrid.org/Dataset/466,direct website browse association; cached source identity
1471,466,pubmed,33539788,https://orcs.thebiogrid.org/Dataset/466,direct website browse association; cached source identity
1470,487,pubmed,33185187,https://orcs.thebiogrid.org/Dataset/487,direct website browse association; cached source identity
1469,487,pubmed,33185187,https://orcs.thebiogrid.org/Dataset/487,direct website browse association; cached source identity
1468,487,pubmed,33185187,https://orcs.thebiogrid.org/Dataset/487,direct website browse association; cached source identity
1467,486,pubmed,31564637,https://orcs.thebiogrid.org/Dataset/486,direct website browse association; cached source identity
1466,486,pubmed,31564637,https://orcs.thebiogrid.org/Dataset/486,direct website browse association; cached source identity
1464,476,pubmed,33188726,https://orcs.thebiogrid.org/Dataset/476,direct website browse association; cached source identity
1461,468,pubmed,32738194,https://orcs.thebiogrid.org/Dataset/468,direct website browse association; cached source identity
1460,465,pubmed,33157015,https://orcs.thebiogrid.org/Dataset/465,direct website browse association; cached source identity
1459,464,pubmed,33228647,https://orcs.thebiogrid.org/Dataset/464,direct website browse association; cached source identity
1458,464,pubmed,33228647,https://orcs.thebiogrid.org/Dataset/464,direct website browse association; cached source identity
1457,459,pubmed,33257658,https://orcs.thebiogrid.org/Dataset/459,direct website browse association; cached source identity
1456,459,pubmed,33257658,https://orcs.thebiogrid.org/Dataset/459,direct website browse association; cached source identity
1455,459,pubmed,33257658,https://orcs.thebiogrid.org/Dataset/459,direct website browse association; cached source identity
1454,456,pubmed,33110234,https://orcs.thebiogrid.org/Dataset/456,direct website browse association; cached source identity
1453,458,pubmed,30916320,https://orcs.thebiogrid.org/Dataset/458,direct website browse association; cached source identity
1452,452,pubmed,32585766,https://orcs.thebiogrid.org/Dataset/452,direct website browse association; cached source identity
1451,452,pubmed,32585766,https://orcs.thebiogrid.org/Dataset/452,direct website browse association; cached source identity
1450,451,pubmed,31818950,https://orcs.thebiogrid.org/Dataset/451,direct website browse association; cached source identity
1449,450,pubmed,31040274,https://orcs.thebiogrid.org/Dataset/450,direct website browse association; cached source identity
1448,448,pubmed,32416067,https://orcs.thebiogrid.org/Dataset/448,direct website browse association; cached source identity
1447,448,pubmed,32416067,https://orcs.thebiogrid.org/Dataset/448,direct website browse association; cached source identity
1446,448,pubmed,32416067,https://orcs.thebiogrid.org/Dataset/448,direct website browse association; cached source identity
1445,448,pubmed,32416067,https://orcs.thebiogrid.org/Dataset/448,direct website browse association; cached source identity
1444,448,pubmed,32416067,https://orcs.thebiogrid.org/Dataset/448,direct website browse association; cached source identity
1443,448,pubmed,32416067,https://orcs.thebiogrid.org/Dataset/448,direct website browse association; cached source identity
1442,448,pubmed,32416067,https://orcs.thebiogrid.org/Dataset/448,direct website browse association; cached source identity
1441,448,pubmed,32416067,https://orcs.thebiogrid.org/Dataset/448,direct website browse association; cached source identity
1440,275,pubmed,31209294,https://orcs.thebiogrid.org/Dataset/275,direct website browse association; cached source identity
1439,444,pubmed,33087464,https://orcs.thebiogrid.org/Dataset/444,direct website browse association; cached source identity
1438,444,pubmed,33087464,https://orcs.thebiogrid.org/Dataset/444,direct website browse association; cached source identity
1436,373,pubmed,33357464,https://orcs.thebiogrid.org/Dataset/373,direct website browse association; cached source identity
1435,373,pubmed,33357464,https://orcs.thebiogrid.org/Dataset/373,direct website browse association; cached source identity
1434,431,pubmed,32690708,https://orcs.thebiogrid.org/Dataset/431,direct website browse association; cached source identity
1433,415,pubmed,33147445,https://orcs.thebiogrid.org/Dataset/415,direct website browse association; cached source identity
1432,430,pubmed,32924251,https://orcs.thebiogrid.org/Dataset/430,direct website browse association; cached source identity
1431,415,pubmed,33147445,https://orcs.thebiogrid.org/Dataset/415,direct website browse association; cached source identity
1430,428,pubmed,33122441,https://orcs.thebiogrid.org/Dataset/428,direct website browse association; cached source identity
1429,428,pubmed,33122441,https://orcs.thebiogrid.org/Dataset/428,direct website browse association; cached source identity
1428,426,pubmed,32315601,https://orcs.thebiogrid.org/Dataset/426,direct website browse association; cached source identity
1427,426,pubmed,32315601,https://orcs.thebiogrid.org/Dataset/426,direct website browse association; cached source identity
1426,425,pubmed,33144569,https://orcs.thebiogrid.org/Dataset/425,direct website browse association; cached source identity
1425,425,pubmed,33144569,https://orcs.thebiogrid.org/Dataset/425,direct website browse association; cached source identity
1424,424,pubmed,32918875,https://orcs.thebiogrid.org/Dataset/424,direct website browse association; cached source identity
1423,416,pubmed,33147444,https://orcs.thebiogrid.org/Dataset/416,direct website browse association; cached source identity
1422,423,pubmed,33208938,https://orcs.thebiogrid.org/Dataset/423,direct website browse association; cached source identity
1421,416,pubmed,33147444,https://orcs.thebiogrid.org/Dataset/416,direct website browse association; cached source identity
1420,416,pubmed,33147444,https://orcs.thebiogrid.org/Dataset/416,direct website browse association; cached source identity
1419,416,pubmed,33147444,https://orcs.thebiogrid.org/Dataset/416,direct website browse association; cached source identity
1418,416,pubmed,33147444,https://orcs.thebiogrid.org/Dataset/416,direct website browse association; cached source identity
1417,416,pubmed,33147444,https://orcs.thebiogrid.org/Dataset/416,direct website browse association; cached source identity
1416,416,pubmed,33147444,https://orcs.thebiogrid.org/Dataset/416,direct website browse association; cached source identity
1415,416,pubmed,33147444,https://orcs.thebiogrid.org/Dataset/416,direct website browse association; cached source identity
1414,421,pubmed,33186476,https://orcs.thebiogrid.org/Dataset/421,direct website browse association; cached source identity
1413,421,pubmed,33186476,https://orcs.thebiogrid.org/Dataset/421,direct website browse association; cached source identity
1412,416,pubmed,33147444,https://orcs.thebiogrid.org/Dataset/416,direct website browse association; cached source identity
1411,416,pubmed,33147444,https://orcs.thebiogrid.org/Dataset/416,direct website browse association; cached source identity
1410,416,pubmed,33147444,https://orcs.thebiogrid.org/Dataset/416,direct website browse association; cached source identity
1409,416,pubmed,33147444,https://orcs.thebiogrid.org/Dataset/416,direct website browse association; cached source identity
1404,406,pubmed,31666400,https://orcs.thebiogrid.org/Dataset/406,direct website browse association; cached source identity
1403,406,pubmed,31666400,https://orcs.thebiogrid.org/Dataset/406,direct website browse association; cached source identity
1402,406,pubmed,31666400,https://orcs.thebiogrid.org/Dataset/406,direct website browse association; cached source identity
1401,406,pubmed,31666400,https://orcs.thebiogrid.org/Dataset/406,direct website browse association; cached source identity
1400,416,pubmed,33147444,https://orcs.thebiogrid.org/Dataset/416,direct website browse association; cached source identity
1399,290,pubmed,31038839,https://orcs.thebiogrid.org/Dataset/290,direct website browse association; cached source identity
1398,290,pubmed,31038839,https://orcs.thebiogrid.org/Dataset/290,direct website browse association; cached source identity
1397,413,pubmed,33189395,https://orcs.thebiogrid.org/Dataset/413,direct website browse association; cached source identity
1396,413,pubmed,33189395,https://orcs.thebiogrid.org/Dataset/413,direct website browse association; cached source identity
1395,410,pubmed,31353801,https://orcs.thebiogrid.org/Dataset/410,direct website browse association; cached source identity
1394,409,pubmed,31059574,https://orcs.thebiogrid.org/Dataset/409,direct website browse association; cached source identity
1393,408,pubmed,31048321,https://orcs.thebiogrid.org/Dataset/408,direct website browse association; cached source identity
1392,408,pubmed,31048321,https://orcs.thebiogrid.org/Dataset/408,direct website browse association; cached source identity
1391,407,pubmed,31741433,https://orcs.thebiogrid.org/Dataset/407,direct website browse association; cached source identity
1390,400,pubmed,30590252,https://orcs.thebiogrid.org/Dataset/400,direct website browse association; cached source identity
1389,333,pubmed,30556811,https://orcs.thebiogrid.org/Dataset/333,direct website browse association; cached source identity
1388,333,pubmed,30556811,https://orcs.thebiogrid.org/Dataset/333,direct website browse association; cached source identity
1387,387,pubmed,33060197,https://orcs.thebiogrid.org/Dataset/387,direct website browse association; cached source identity
1386,374,pubmed,33382968,https://orcs.thebiogrid.org/Dataset/374,direct website browse association; cached source identity
1385,374,pubmed,33382968,https://orcs.thebiogrid.org/Dataset/374,direct website browse association; cached source identity
1384,374,pubmed,33382968,https://orcs.thebiogrid.org/Dataset/374,direct website browse association; cached source identity
1383,374,pubmed,33382968,https://orcs.thebiogrid.org/Dataset/374,direct website browse association; cached source identity
1382,374,pubmed,33382968,https://orcs.thebiogrid.org/Dataset/374,direct website browse association; cached source identity
1381,373,pubmed,33357464,https://orcs.thebiogrid.org/Dataset/373,direct website browse association; cached source identity
1380,373,pubmed,33357464,https://orcs.thebiogrid.org/Dataset/373,direct website browse association; cached source identity
1379,373,pubmed,33357464,https://orcs.thebiogrid.org/Dataset/373,direct website browse association; cached source identity
1374,390,pubmed,31587919,https://orcs.thebiogrid.org/Dataset/390,direct website browse association; cached source identity
1373,390,pubmed,31587919,https://orcs.thebiogrid.org/Dataset/390,direct website browse association; cached source identity
1372,383,pubmed,31730859,https://orcs.thebiogrid.org/Dataset/383,direct website browse association; cached source identity
1371,383,pubmed,31730859,https://orcs.thebiogrid.org/Dataset/383,direct website browse association; cached source identity
1370,383,pubmed,31730859,https://orcs.thebiogrid.org/Dataset/383,direct website browse association; cached source identity
1369,383,pubmed,31730859,https://orcs.thebiogrid.org/Dataset/383,direct website browse association; cached source identity
1368,383,pubmed,31730859,https://orcs.thebiogrid.org/Dataset/383,direct website browse association; cached source identity
1367,383,pubmed,31730859,https://orcs.thebiogrid.org/Dataset/383,direct website browse association; cached source identity
1366,386,pubmed,32094149,https://orcs.thebiogrid.org/Dataset/386,direct website browse association; cached source identity
1365,386,pubmed,32094149,https://orcs.thebiogrid.org/Dataset/386,direct website browse association; cached source identity
1364,383,pubmed,31730859,https://orcs.thebiogrid.org/Dataset/383,direct website browse association; cached source identity
1363,385,pubmed,31048320,https://orcs.thebiogrid.org/Dataset/385,direct website browse association; cached source identity
1362,385,pubmed,31048320,https://orcs.thebiogrid.org/Dataset/385,direct website browse association; cached source identity
1361,385,pubmed,31048320,https://orcs.thebiogrid.org/Dataset/385,direct website browse association; cached source identity
1360,381,pubmed,30862715,https://orcs.thebiogrid.org/Dataset/381,direct website browse association; cached source identity
1359,310,pubmed,31346084,https://orcs.thebiogrid.org/Dataset/310,direct website browse association; cached source identity
1358,310,pubmed,31346084,https://orcs.thebiogrid.org/Dataset/310,direct website browse association; cached source identity
1357,377,pubmed,30734978,https://orcs.thebiogrid.org/Dataset/377,direct website browse association; cached source identity
1356,377,pubmed,30734978,https://orcs.thebiogrid.org/Dataset/377,direct website browse association; cached source identity
1355,375,pubmed,30991026,https://orcs.thebiogrid.org/Dataset/375,direct website browse association; cached source identity
1354,371,pubmed,32877678,https://orcs.thebiogrid.org/Dataset/371,direct website browse association; cached source identity
1353,370,pubmed,31451760,https://orcs.thebiogrid.org/Dataset/370,direct website browse association; cached source identity
1352,184,pubmed,29973717,https://orcs.thebiogrid.org/Dataset/184,direct website browse association; cached source identity
1351,184,pubmed,29973717,https://orcs.thebiogrid.org/Dataset/184,direct website browse association; cached source identity
1350,184,pubmed,29973717,https://orcs.thebiogrid.org/Dataset/184,direct website browse association; cached source identity
1349,184,pubmed,29973717,https://orcs.thebiogrid.org/Dataset/184,direct website browse association; cached source identity
1348,184,pubmed,29973717,https://orcs.thebiogrid.org/Dataset/184,direct website browse association; cached source identity
1347,368,pubmed,32075772,https://orcs.thebiogrid.org/Dataset/368,direct website browse association; cached source identity
1346,368,pubmed,32075772,https://orcs.thebiogrid.org/Dataset/368,direct website browse association; cached source identity
1345,368,pubmed,32075772,https://orcs.thebiogrid.org/Dataset/368,direct website browse association; cached source identity
1344,368,pubmed,32075772,https://orcs.thebiogrid.org/Dataset/368,direct website browse association; cached source identity
1343,281,pubmed,32649862,https://orcs.thebiogrid.org/Dataset/281,direct website browse association; cached source identity
1342,281,pubmed,32649862,https://orcs.thebiogrid.org/Dataset/281,direct website browse association; cached source identity
1341,281,pubmed,32649862,https://orcs.thebiogrid.org/Dataset/281,direct website browse association; cached source identity
1340,281,pubmed,32649862,https://orcs.thebiogrid.org/Dataset/281,direct website browse association; cached source identity
1339,281,pubmed,32649862,https://orcs.thebiogrid.org/Dataset/281,direct website browse association; cached source identity
1338,281,pubmed,32649862,https://orcs.thebiogrid.org/Dataset/281,direct website browse association; cached source identity
1337,281,pubmed,32649862,https://orcs.thebiogrid.org/Dataset/281,direct website browse association; cached source identity
1336,281,pubmed,32649862,https://orcs.thebiogrid.org/Dataset/281,direct website browse association; cached source identity
1335,281,pubmed,32649862,https://orcs.thebiogrid.org/Dataset/281,direct website browse association; cached source identity
1334,281,pubmed,32649862,https://orcs.thebiogrid.org/Dataset/281,direct website browse association; cached source identity
1333,281,pubmed,32649862,https://orcs.thebiogrid.org/Dataset/281,direct website browse association; cached source identity
1332,281,pubmed,32649862,https://orcs.thebiogrid.org/Dataset/281,direct website browse association; cached source identity
1331,281,pubmed,32649862,https://orcs.thebiogrid.org/Dataset/281,direct website browse association; cached source identity
1330,281,pubmed,32649862,https://orcs.thebiogrid.org/Dataset/281,direct website browse association; cached source identity
1329,281,pubmed,32649862,https://orcs.thebiogrid.org/Dataset/281,direct website browse association; cached source identity
1328,281,pubmed,32649862,https://orcs.thebiogrid.org/Dataset/281,direct website browse association; cached source identity
1327,281,pubmed,32649862,https://orcs.thebiogrid.org/Dataset/281,direct website browse association; cached source identity
1326,281,pubmed,32649862,https://orcs.thebiogrid.org/Dataset/281,direct website browse association; cached source identity
1325,281,pubmed,32649862,https://orcs.thebiogrid.org/Dataset/281,direct website browse association; cached source identity
1324,281,pubmed,32649862,https://orcs.thebiogrid.org/Dataset/281,direct website browse association; cached source identity
1323,281,pubmed,32649862,https://orcs.thebiogrid.org/Dataset/281,direct website browse association; cached source identity
1322,281,pubmed,32649862,https://orcs.thebiogrid.org/Dataset/281,direct website browse association; cached source identity
1321,281,pubmed,32649862,https://orcs.thebiogrid.org/Dataset/281,direct website browse association; cached source identity
1320,281,pubmed,32649862,https://orcs.thebiogrid.org/Dataset/281,direct website browse association; cached source identity
1319,281,pubmed,32649862,https://orcs.thebiogrid.org/Dataset/281,direct website browse association; cached source identity
1318,281,pubmed,32649862,https://orcs.thebiogrid.org/Dataset/281,direct website browse association; cached source identity
1317,281,pubmed,32649862,https://orcs.thebiogrid.org/Dataset/281,direct website browse association; cached source identity
1316,281,pubmed,32649862,https://orcs.thebiogrid.org/Dataset/281,direct website browse association; cached source identity
1315,281,pubmed,32649862,https://orcs.thebiogrid.org/Dataset/281,direct website browse association; cached source identity
1314,281,pubmed,32649862,https://orcs.thebiogrid.org/Dataset/281,direct website browse association; cached source identity
1313,281,pubmed,32649862,https://orcs.thebiogrid.org/Dataset/281,direct website browse association; cached source identity
1312,364,pubmed,32990596,https://orcs.thebiogrid.org/Dataset/364,direct website browse association; cached source identity
1311,364,pubmed,32990596,https://orcs.thebiogrid.org/Dataset/364,direct website browse association; cached source identity
1310,364,pubmed,32990596,https://orcs.thebiogrid.org/Dataset/364,direct website browse association; cached source identity
1309,364,pubmed,32990596,https://orcs.thebiogrid.org/Dataset/364,direct website browse association; cached source identity
1308,364,pubmed,32990596,https://orcs.thebiogrid.org/Dataset/364,direct website browse association; cached source identity
1307,364,pubmed,32990596,https://orcs.thebiogrid.org/Dataset/364,direct website browse association; cached source identity
1306,364,pubmed,32990596,https://orcs.thebiogrid.org/Dataset/364,direct website browse association; cached source identity
1305,364,pubmed,32990596,https://orcs.thebiogrid.org/Dataset/364,direct website browse association; cached source identity
1304,364,pubmed,32990596,https://orcs.thebiogrid.org/Dataset/364,direct website browse association; cached source identity
1303,364,pubmed,32990596,https://orcs.thebiogrid.org/Dataset/364,direct website browse association; cached source identity
1302,364,pubmed,32990596,https://orcs.thebiogrid.org/Dataset/364,direct website browse association; cached source identity
1301,364,pubmed,32990596,https://orcs.thebiogrid.org/Dataset/364,direct website browse association; cached source identity
1300,364,pubmed,32990596,https://orcs.thebiogrid.org/Dataset/364,direct website browse association; cached source identity
1299,364,pubmed,32990596,https://orcs.thebiogrid.org/Dataset/364,direct website browse association; cached source identity
1298,364,pubmed,32990596,https://orcs.thebiogrid.org/Dataset/364,direct website browse association; cached source identity
1297,364,pubmed,32990596,https://orcs.thebiogrid.org/Dataset/364,direct website browse association; cached source identity
1296,364,pubmed,32990596,https://orcs.thebiogrid.org/Dataset/364,direct website browse association; cached source identity
1295,364,pubmed,32990596,https://orcs.thebiogrid.org/Dataset/364,direct website browse association; cached source identity
1294,364,pubmed,32990596,https://orcs.thebiogrid.org/Dataset/364,direct website browse association; cached source identity
1293,364,pubmed,32990596,https://orcs.thebiogrid.org/Dataset/364,direct website browse association; cached source identity
1292,364,pubmed,32990596,https://orcs.thebiogrid.org/Dataset/364,direct website browse association; cached source identity
1291,363,pubmed,30154076,https://orcs.thebiogrid.org/Dataset/363,direct website browse association; cached source identity
1290,362,pubmed,32968282,https://orcs.thebiogrid.org/Dataset/362,direct website browse association; cached source identity
1289,362,pubmed,32968282,https://orcs.thebiogrid.org/Dataset/362,direct website browse association; cached source identity
1288,362,pubmed,32968282,https://orcs.thebiogrid.org/Dataset/362,direct website browse association; cached source identity
1287,362,pubmed,32968282,https://orcs.thebiogrid.org/Dataset/362,direct website browse association; cached source identity
1286,362,pubmed,32968282,https://orcs.thebiogrid.org/Dataset/362,direct website browse association; cached source identity
1285,362,pubmed,32968282,https://orcs.thebiogrid.org/Dataset/362,direct website browse association; cached source identity
1284,362,pubmed,32968282,https://orcs.thebiogrid.org/Dataset/362,direct website browse association; cached source identity
1283,362,pubmed,32968282,https://orcs.thebiogrid.org/Dataset/362,direct website browse association; cached source identity
1282,362,pubmed,32968282,https://orcs.thebiogrid.org/Dataset/362,direct website browse association; cached source identity
1281,362,pubmed,32968282,https://orcs.thebiogrid.org/Dataset/362,direct website browse association; cached source identity
1280,362,pubmed,32968282,https://orcs.thebiogrid.org/Dataset/362,direct website browse association; cached source identity
1279,362,pubmed,32968282,https://orcs.thebiogrid.org/Dataset/362,direct website browse association; cached source identity
1278,362,pubmed,32968282,https://orcs.thebiogrid.org/Dataset/362,direct website browse association; cached source identity
1277,362,pubmed,32968282,https://orcs.thebiogrid.org/Dataset/362,direct website browse association; cached source identity
1276,362,pubmed,32968282,https://orcs.thebiogrid.org/Dataset/362,direct website browse association; cached source identity
1275,362,pubmed,32968282,https://orcs.thebiogrid.org/Dataset/362,direct website browse association; cached source identity
1274,362,pubmed,32968282,https://orcs.thebiogrid.org/Dataset/362,direct website browse association; cached source identity
1273,362,pubmed,32968282,https://orcs.thebiogrid.org/Dataset/362,direct website browse association; cached source identity
1272,362,pubmed,32968282,https://orcs.thebiogrid.org/Dataset/362,direct website browse association; cached source identity
1271,362,pubmed,32968282,https://orcs.thebiogrid.org/Dataset/362,direct website browse association; cached source identity
1270,362,pubmed,32968282,https://orcs.thebiogrid.org/Dataset/362,direct website browse association; cached source identity
1269,362,pubmed,32968282,https://orcs.thebiogrid.org/Dataset/362,direct website browse association; cached source identity
1268,362,pubmed,32968282,https://orcs.thebiogrid.org/Dataset/362,direct website browse association; cached source identity
1267,362,pubmed,32968282,https://orcs.thebiogrid.org/Dataset/362,direct website browse association; cached source identity
1266,362,pubmed,32968282,https://orcs.thebiogrid.org/Dataset/362,direct website browse association; cached source identity
1265,362,pubmed,32968282,https://orcs.thebiogrid.org/Dataset/362,direct website browse association; cached source identity
1264,362,pubmed,32968282,https://orcs.thebiogrid.org/Dataset/362,direct website browse association; cached source identity
1263,362,pubmed,32968282,https://orcs.thebiogrid.org/Dataset/362,direct website browse association; cached source identity
1262,362,pubmed,32968282,https://orcs.thebiogrid.org/Dataset/362,direct website browse association; cached source identity
1261,362,pubmed,32968282,https://orcs.thebiogrid.org/Dataset/362,direct website browse association; cached source identity
1260,362,pubmed,32968282,https://orcs.thebiogrid.org/Dataset/362,direct website browse association; cached source identity
1259,362,pubmed,32968282,https://orcs.thebiogrid.org/Dataset/362,direct website browse association; cached source identity
1258,361,pubmed,30962421,https://orcs.thebiogrid.org/Dataset/361,direct website browse association; cached source identity
1257,361,pubmed,30962421,https://orcs.thebiogrid.org/Dataset/361,direct website browse association; cached source identity
1256,361,pubmed,30962421,https://orcs.thebiogrid.org/Dataset/361,direct website browse association; cached source identity
1255,358,pubmed,31855178,https://orcs.thebiogrid.org/Dataset/358,direct website browse association; cached source identity
1252,354,pubmed,32755594,https://orcs.thebiogrid.org/Dataset/354,direct website browse association; cached source identity
1251,354,pubmed,32755594,https://orcs.thebiogrid.org/Dataset/354,direct website browse association; cached source identity
1250,354,pubmed,32755594,https://orcs.thebiogrid.org/Dataset/354,direct website browse association; cached source identity
1249,354,pubmed,32755594,https://orcs.thebiogrid.org/Dataset/354,direct website browse association; cached source identity
1248,356,pubmed,32238925,https://orcs.thebiogrid.org/Dataset/356,direct website browse association; cached source identity
1247,356,pubmed,32238925,https://orcs.thebiogrid.org/Dataset/356,direct website browse association; cached source identity
1246,356,pubmed,32238925,https://orcs.thebiogrid.org/Dataset/356,direct website browse association; cached source identity
1245,356,pubmed,32238925,https://orcs.thebiogrid.org/Dataset/356,direct website browse association; cached source identity
1244,356,pubmed,32238925,https://orcs.thebiogrid.org/Dataset/356,direct website browse association; cached source identity
1243,356,pubmed,32238925,https://orcs.thebiogrid.org/Dataset/356,direct website browse association; cached source identity
1242,356,pubmed,32238925,https://orcs.thebiogrid.org/Dataset/356,direct website browse association; cached source identity
1241,356,pubmed,32238925,https://orcs.thebiogrid.org/Dataset/356,direct website browse association; cached source identity
1240,356,pubmed,32238925,https://orcs.thebiogrid.org/Dataset/356,direct website browse association; cached source identity
1239,356,pubmed,32238925,https://orcs.thebiogrid.org/Dataset/356,direct website browse association; cached source identity
1238,356,pubmed,32238925,https://orcs.thebiogrid.org/Dataset/356,direct website browse association; cached source identity
1237,352,pubmed,32939090,https://orcs.thebiogrid.org/Dataset/352,direct website browse association; cached source identity
1236,352,pubmed,32939090,https://orcs.thebiogrid.org/Dataset/352,direct website browse association; cached source identity
1235,352,pubmed,32939090,https://orcs.thebiogrid.org/Dataset/352,direct website browse association; cached source identity
1234,350,pubmed,32970993,https://orcs.thebiogrid.org/Dataset/350,direct website browse association; cached source identity
1233,350,pubmed,32970993,https://orcs.thebiogrid.org/Dataset/350,direct website browse association; cached source identity
1232,349,pubmed,33005030,https://orcs.thebiogrid.org/Dataset/349,direct website browse association; cached source identity
1230,347,pubmed,29921669,https://orcs.thebiogrid.org/Dataset/347,direct website browse association; cached source identity
1229,346,pubmed,29507424,https://orcs.thebiogrid.org/Dataset/346,direct website browse association; cached source identity
1228,346,pubmed,29507424,https://orcs.thebiogrid.org/Dataset/346,direct website browse association; cached source identity
1227,345,pubmed,29736038,https://orcs.thebiogrid.org/Dataset/345,direct website browse association; cached source identity
1225,341,pubmed,27351204,https://orcs.thebiogrid.org/Dataset/341,direct website browse association; cached source identity
1224,341,pubmed,27351204,https://orcs.thebiogrid.org/Dataset/341,direct website browse association; cached source identity
1223,311,pubmed,32421776,https://orcs.thebiogrid.org/Dataset/311,direct website browse association; cached source identity
1222,339,pubmed,33333024,https://orcs.thebiogrid.org/Dataset/339,direct website browse association; cached source identity
1221,339,pubmed,33333024,https://orcs.thebiogrid.org/Dataset/339,direct website browse association; cached source identity
1220,339,pubmed,33333024,https://orcs.thebiogrid.org/Dataset/339,direct website browse association; cached source identity
1218,264,pubmed,27992415,https://orcs.thebiogrid.org/Dataset/264,direct website browse association; cached source identity
1217,133,pubmed,30860482,https://orcs.thebiogrid.org/Dataset/133,direct website browse association; cached source identity
1216,133,pubmed,30860482,https://orcs.thebiogrid.org/Dataset/133,direct website browse association; cached source identity
1215,277,pubmed,30224801,https://orcs.thebiogrid.org/Dataset/277,direct website browse association; cached source identity
1214,338,pubmed,30844312,https://orcs.thebiogrid.org/Dataset/338,direct website browse association; cached source identity
1213,338,pubmed,30844312,https://orcs.thebiogrid.org/Dataset/338,direct website browse association; cached source identity
1212,338,pubmed,30844312,https://orcs.thebiogrid.org/Dataset/338,direct website browse association; cached source identity
1211,334,pubmed,31270356,https://orcs.thebiogrid.org/Dataset/334,direct website browse association; cached source identity
1210,278,pubmed,31142663,https://orcs.thebiogrid.org/Dataset/278,direct website browse association; cached source identity
1209,278,pubmed,31142663,https://orcs.thebiogrid.org/Dataset/278,direct website browse association; cached source identity
1208,265,pubmed,31919360,https://orcs.thebiogrid.org/Dataset/265,direct website browse association; cached source identity
1207,265,pubmed,31919360,https://orcs.thebiogrid.org/Dataset/265,direct website browse association; cached source identity
1206,331,pubmed,31551363,https://orcs.thebiogrid.org/Dataset/331,direct website browse association; cached source identity
1205,331,pubmed,31551363,https://orcs.thebiogrid.org/Dataset/331,direct website browse association; cached source identity
1204,96,pubmed,27667664,https://orcs.thebiogrid.org/Dataset/96,direct website browse association; cached source identity
1203,96,pubmed,27667664,https://orcs.thebiogrid.org/Dataset/96,direct website browse association; cached source identity
1200,327,pubmed,31543463,https://orcs.thebiogrid.org/Dataset/327,direct website browse association; cached source identity
1199,326,pubmed,31519728,https://orcs.thebiogrid.org/Dataset/326,direct website browse association; cached source identity
1198,325,pubmed,30317623,https://orcs.thebiogrid.org/Dataset/325,direct website browse association; cached source identity
1197,324,pubmed,28768188,https://orcs.thebiogrid.org/Dataset/324,direct website browse association; cached source identity
1196,323,pubmed,29259014,https://orcs.thebiogrid.org/Dataset/323,direct website browse association; cached source identity
1195,323,pubmed,29259014,https://orcs.thebiogrid.org/Dataset/323,direct website browse association; cached source identity
1193,322,pubmed,31727847,https://orcs.thebiogrid.org/Dataset/322,direct website browse association; cached source identity
1192,322,pubmed,31727847,https://orcs.thebiogrid.org/Dataset/322,direct website browse association; cached source identity
1191,317,pubmed,32005668,https://orcs.thebiogrid.org/Dataset/317,direct website browse association; cached source identity
1190,314,pubmed,29211708,https://orcs.thebiogrid.org/Dataset/314,direct website browse association; cached source identity
1188,314,pubmed,29211708,https://orcs.thebiogrid.org/Dataset/314,direct website browse association; cached source identity
1187,312,pubmed,32728216,https://orcs.thebiogrid.org/Dataset/312,direct website browse association; cached source identity
1186,308,pubmed,28985505,https://orcs.thebiogrid.org/Dataset/308,direct website browse association; cached source identity
1185,308,pubmed,28985505,https://orcs.thebiogrid.org/Dataset/308,direct website browse association; cached source identity
1184,308,pubmed,28985505,https://orcs.thebiogrid.org/Dataset/308,direct website browse association; cached source identity
1183,308,pubmed,28985505,https://orcs.thebiogrid.org/Dataset/308,direct website browse association; cached source identity
1182,308,pubmed,28985505,https://orcs.thebiogrid.org/Dataset/308,direct website browse association; cached source identity
1181,308,pubmed,28985505,https://orcs.thebiogrid.org/Dataset/308,direct website browse association; cached source identity
1180,308,pubmed,28985505,https://orcs.thebiogrid.org/Dataset/308,direct website browse association; cached source identity
1179,308,pubmed,28985505,https://orcs.thebiogrid.org/Dataset/308,direct website browse association; cached source identity
1178,308,pubmed,28985505,https://orcs.thebiogrid.org/Dataset/308,direct website browse association; cached source identity
1177,308,pubmed,28985505,https://orcs.thebiogrid.org/Dataset/308,direct website browse association; cached source identity
1176,308,pubmed,28985505,https://orcs.thebiogrid.org/Dataset/308,direct website browse association; cached source identity
1175,306,pubmed,28813663,https://orcs.thebiogrid.org/Dataset/306,direct website browse association; cached source identity
1174,303,pubmed,26190106,https://orcs.thebiogrid.org/Dataset/303,direct website browse association; cached source identity
1173,302,pubmed,27342126,https://orcs.thebiogrid.org/Dataset/302,direct website browse association; cached source identity
1172,299,pubmed,31019072,https://orcs.thebiogrid.org/Dataset/299,direct website browse association; cached source identity
1171,298,pubmed,31527793,https://orcs.thebiogrid.org/Dataset/298,direct website browse association; cached source identity
1170,298,pubmed,31527793,https://orcs.thebiogrid.org/Dataset/298,direct website browse association; cached source identity
1169,297,pubmed,27383987,https://orcs.thebiogrid.org/Dataset/297,direct website browse association; cached source identity
1168,297,pubmed,27383987,https://orcs.thebiogrid.org/Dataset/297,direct website browse association; cached source identity
1167,296,pubmed,27383988,https://orcs.thebiogrid.org/Dataset/296,direct website browse association; cached source identity
1166,284,pubmed,31801065,https://orcs.thebiogrid.org/Dataset/284,direct website browse association; cached source identity
1165,284,pubmed,31801065,https://orcs.thebiogrid.org/Dataset/284,direct website browse association; cached source identity
1164,284,pubmed,31801065,https://orcs.thebiogrid.org/Dataset/284,direct website browse association; cached source identity
1163,284,pubmed,31801065,https://orcs.thebiogrid.org/Dataset/284,direct website browse association; cached source identity
1162,3,pubmed,25307932,https://orcs.thebiogrid.org/Dataset/3,direct website browse association; cached source identity
1161,3,pubmed,25307932,https://orcs.thebiogrid.org/Dataset/3,direct website browse association; cached source identity
1160,190,pubmed,31452512,https://orcs.thebiogrid.org/Dataset/190,direct website browse association; cached source identity
1159,227,pubmed,31761535,https://orcs.thebiogrid.org/Dataset/227,direct website browse association; cached source identity
1158,65,pubmed,29301958,https://orcs.thebiogrid.org/Dataset/65,direct website browse association; cached source identity
1157,65,pubmed,29301958,https://orcs.thebiogrid.org/Dataset/65,direct website browse association; cached source identity
1155,190,pubmed,31452512,https://orcs.thebiogrid.org/Dataset/190,direct website browse association; cached source identity
1153,276,pubmed,27018887,https://orcs.thebiogrid.org/Dataset/276,direct website browse association; cached source identity
1152,275,pubmed,31209294,https://orcs.thebiogrid.org/Dataset/275,direct website browse association; cached source identity
1151,273,pubmed,31108395,https://orcs.thebiogrid.org/Dataset/273,direct website browse association; cached source identity
1150,269,pubmed,29642015,https://orcs.thebiogrid.org/Dataset/269,direct website browse association; cached source identity
1149,269,pubmed,29642015,https://orcs.thebiogrid.org/Dataset/269,direct website browse association; cached source identity
1148,269,pubmed,29642015,https://orcs.thebiogrid.org/Dataset/269,direct website browse association; cached source identity
1147,268,pubmed,32542389,https://orcs.thebiogrid.org/Dataset/268,direct website browse association; cached source identity
1146,267,pubmed,32259488,https://orcs.thebiogrid.org/Dataset/267,direct website browse association; cached source identity
1145,267,pubmed,32259488,https://orcs.thebiogrid.org/Dataset/267,direct website browse association; cached source identity
1144,132,pubmed,30647128,https://orcs.thebiogrid.org/Dataset/132,direct website browse association; cached source identity
1142,246,pubmed,30397336,https://orcs.thebiogrid.org/Dataset/246,direct website browse association; cached source identity
1140,246,pubmed,30397336,https://orcs.thebiogrid.org/Dataset/246,direct website browse association; cached source identity
1137,246,pubmed,30397336,https://orcs.thebiogrid.org/Dataset/246,direct website browse association; cached source identity
1135,246,pubmed,30397336,https://orcs.thebiogrid.org/Dataset/246,direct website browse association; cached source identity
1133,261,pubmed,29769725,https://orcs.thebiogrid.org/Dataset/261,direct website browse association; cached source identity
1132,258,pubmed,31915280,https://orcs.thebiogrid.org/Dataset/258,direct website browse association; cached source identity
1130,55,pubmed,29459677,https://orcs.thebiogrid.org/Dataset/55,direct website browse association; cached source identity
1125,246,pubmed,30397336,https://orcs.thebiogrid.org/Dataset/246,direct website browse association; cached source identity
1123,246,pubmed,30397336,https://orcs.thebiogrid.org/Dataset/246,direct website browse association; cached source identity
1121,246,pubmed,30397336,https://orcs.thebiogrid.org/Dataset/246,direct website browse association; cached source identity
1119,246,pubmed,30397336,https://orcs.thebiogrid.org/Dataset/246,direct website browse association; cached source identity
1115,234,pubmed,31792210,https://orcs.thebiogrid.org/Dataset/234,direct website browse association; cached source identity
1114,231,pubmed,30581143,https://orcs.thebiogrid.org/Dataset/231,direct website browse association; cached source identity
1113,231,pubmed,30581143,https://orcs.thebiogrid.org/Dataset/231,direct website browse association; cached source identity
1112,231,pubmed,30581143,https://orcs.thebiogrid.org/Dataset/231,direct website browse association; cached source identity
1111,231,pubmed,30581143,https://orcs.thebiogrid.org/Dataset/231,direct website browse association; cached source identity
1110,230,pubmed,30449619,https://orcs.thebiogrid.org/Dataset/230,direct website browse association; cached source identity
1109,230,pubmed,30449619,https://orcs.thebiogrid.org/Dataset/230,direct website browse association; cached source identity
1107,230,pubmed,30449619,https://orcs.thebiogrid.org/Dataset/230,direct website browse association; cached source identity
1105,230,pubmed,30449619,https://orcs.thebiogrid.org/Dataset/230,direct website browse association; cached source identity
1104,209,pubmed,31353312,https://orcs.thebiogrid.org/Dataset/209,direct website browse association; cached source identity
1103,228,pubmed,31213543,https://orcs.thebiogrid.org/Dataset/228,direct website browse association; cached source identity
1100,153,pubmed,31133756,https://orcs.thebiogrid.org/Dataset/153,direct website browse association; cached source identity
1099,207,pubmed,31219803,https://orcs.thebiogrid.org/Dataset/207,direct website browse association; cached source identity
1098,207,pubmed,31219803,https://orcs.thebiogrid.org/Dataset/207,direct website browse association; cached source identity
1097,19,pubmed,26780180,https://orcs.thebiogrid.org/Dataset/19,direct website browse association; cached source identity
1095,19,pubmed,26780180,https://orcs.thebiogrid.org/Dataset/19,direct website browse association; cached source identity
1094,153,pubmed,31133756,https://orcs.thebiogrid.org/Dataset/153,direct website browse association; cached source identity
1092,221,pubmed,31540829,https://orcs.thebiogrid.org/Dataset/221,direct website browse association; cached source identity
1089,217,pubmed,31744829,https://orcs.thebiogrid.org/Dataset/217,direct website browse association; cached source identity
1087,217,pubmed,31744829,https://orcs.thebiogrid.org/Dataset/217,direct website browse association; cached source identity
1083,210,pubmed,31921143,https://orcs.thebiogrid.org/Dataset/210,direct website browse association; cached source identity
1082,210,pubmed,31921143,https://orcs.thebiogrid.org/Dataset/210,direct website browse association; cached source identity
1081,210,pubmed,31921143,https://orcs.thebiogrid.org/Dataset/210,direct website browse association; cached source identity
1080,205,pubmed,30660999,https://orcs.thebiogrid.org/Dataset/205,direct website browse association; cached source identity
1079,206,pubmed,31165872,https://orcs.thebiogrid.org/Dataset/206,direct website browse association; cached source identity
1077,109,pubmed,30595499,https://orcs.thebiogrid.org/Dataset/109,direct website browse association; cached source identity
1076,81,pubmed,28700943,https://orcs.thebiogrid.org/Dataset/81,direct website browse association; cached source identity
1075,81,pubmed,28700943,https://orcs.thebiogrid.org/Dataset/81,direct website browse association; cached source identity
1074,198,pubmed,31594818,https://orcs.thebiogrid.org/Dataset/198,direct website browse association; cached source identity
1067,152,pubmed,30995489,https://orcs.thebiogrid.org/Dataset/152,direct website browse association; cached source identity
1066,152,pubmed,30995489,https://orcs.thebiogrid.org/Dataset/152,direct website browse association; cached source identity
1065,152,pubmed,30995489,https://orcs.thebiogrid.org/Dataset/152,direct website browse association; cached source identity
1064,152,pubmed,30995489,https://orcs.thebiogrid.org/Dataset/152,direct website browse association; cached source identity
1063,152,pubmed,30995489,https://orcs.thebiogrid.org/Dataset/152,direct website browse association; cached source identity
1062,152,pubmed,30995489,https://orcs.thebiogrid.org/Dataset/152,direct website browse association; cached source identity
1061,182,pubmed,31300418,https://orcs.thebiogrid.org/Dataset/182,direct website browse association; cached source identity
1060,182,pubmed,31300418,https://orcs.thebiogrid.org/Dataset/182,direct website browse association; cached source identity
1059,182,pubmed,31300418,https://orcs.thebiogrid.org/Dataset/182,direct website browse association; cached source identity
1058,182,pubmed,31300418,https://orcs.thebiogrid.org/Dataset/182,direct website browse association; cached source identity
1057,182,pubmed,31300418,https://orcs.thebiogrid.org/Dataset/182,direct website browse association; cached source identity
1056,182,pubmed,31300418,https://orcs.thebiogrid.org/Dataset/182,direct website browse association; cached source identity
1053,91,pubmed,29987050,https://orcs.thebiogrid.org/Dataset/91,direct website browse association; cached source identity
1052,91,pubmed,29987050,https://orcs.thebiogrid.org/Dataset/91,direct website browse association; cached source identity
1050,91,pubmed,29987050,https://orcs.thebiogrid.org/Dataset/91,direct website browse association; cached source identity
1048,91,pubmed,29987050,https://orcs.thebiogrid.org/Dataset/91,direct website browse association; cached source identity
1047,156,pubmed,30932271,https://orcs.thebiogrid.org/Dataset/156,direct website browse association; cached source identity
1046,172,pubmed,31294695,https://orcs.thebiogrid.org/Dataset/172,direct website browse association; cached source identity
1045,172,pubmed,31294695,https://orcs.thebiogrid.org/Dataset/172,direct website browse association; cached source identity
1044,168,pubmed,31253397,https://orcs.thebiogrid.org/Dataset/168,direct website browse association; cached source identity
1043,168,pubmed,31253397,https://orcs.thebiogrid.org/Dataset/168,direct website browse association; cached source identity
1042,167,pubmed,31365872,https://orcs.thebiogrid.org/Dataset/167,direct website browse association; cached source identity
1041,167,pubmed,31365872,https://orcs.thebiogrid.org/Dataset/167,direct website browse association; cached source identity
1039,161,pubmed,30194290,https://orcs.thebiogrid.org/Dataset/161,direct website browse association; cached source identity
1037,161,pubmed,30194290,https://orcs.thebiogrid.org/Dataset/161,direct website browse association; cached source identity
1035,161,pubmed,30194290,https://orcs.thebiogrid.org/Dataset/161,direct website browse association; cached source identity
1034,145,pubmed,31316073,https://orcs.thebiogrid.org/Dataset/145,direct website browse association; cached source identity
1033,145,pubmed,31316073,https://orcs.thebiogrid.org/Dataset/145,direct website browse association; cached source identity
1032,145,pubmed,31316073,https://orcs.thebiogrid.org/Dataset/145,direct website browse association; cached source identity
1031,152,pubmed,30995489,https://orcs.thebiogrid.org/Dataset/152,direct website browse association; cached source identity
1030,152,pubmed,30995489,https://orcs.thebiogrid.org/Dataset/152,direct website browse association; cached source identity
1029,152,pubmed,30995489,https://orcs.thebiogrid.org/Dataset/152,direct website browse association; cached source identity
1028,152,pubmed,30995489,https://orcs.thebiogrid.org/Dataset/152,direct website browse association; cached source identity
1027,152,pubmed,30995489,https://orcs.thebiogrid.org/Dataset/152,direct website browse association; cached source identity
1026,152,pubmed,30995489,https://orcs.thebiogrid.org/Dataset/152,direct website browse association; cached source identity
1025,152,pubmed,30995489,https://orcs.thebiogrid.org/Dataset/152,direct website browse association; cached source identity
1024,152,pubmed,30995489,https://orcs.thebiogrid.org/Dataset/152,direct website browse association; cached source identity
1023,152,pubmed,30995489,https://orcs.thebiogrid.org/Dataset/152,direct website browse association; cached source identity
1022,152,pubmed,30995489,https://orcs.thebiogrid.org/Dataset/152,direct website browse association; cached source identity
1021,152,pubmed,30995489,https://orcs.thebiogrid.org/Dataset/152,direct website browse association; cached source identity
1020,152,pubmed,30995489,https://orcs.thebiogrid.org/Dataset/152,direct website browse association; cached source identity
1019,139,pubmed,30951565,https://orcs.thebiogrid.org/Dataset/139,direct website browse association; cached source identity
1018,139,pubmed,30951565,https://orcs.thebiogrid.org/Dataset/139,direct website browse association; cached source identity
1017,137,pubmed,30655525,https://orcs.thebiogrid.org/Dataset/137,direct website browse association; cached source identity
1016,135,pubmed,30930145,https://orcs.thebiogrid.org/Dataset/135,direct website browse association; cached source identity
1015,114,pubmed,30971826,https://orcs.thebiogrid.org/Dataset/114,direct website browse association; cached source identity
1014,114,pubmed,30971826,https://orcs.thebiogrid.org/Dataset/114,direct website browse association; cached source identity
1013,114,pubmed,30971826,https://orcs.thebiogrid.org/Dataset/114,direct website browse association; cached source identity
1012,114,pubmed,30971826,https://orcs.thebiogrid.org/Dataset/114,direct website browse association; cached source identity
1011,114,pubmed,30971826,https://orcs.thebiogrid.org/Dataset/114,direct website browse association; cached source identity
1010,114,pubmed,30971826,https://orcs.thebiogrid.org/Dataset/114,direct website browse association; cached source identity
1009,114,pubmed,30971826,https://orcs.thebiogrid.org/Dataset/114,direct website browse association; cached source identity
1008,114,pubmed,30971826,https://orcs.thebiogrid.org/Dataset/114,direct website browse association; cached source identity
1007,114,pubmed,30971826,https://orcs.thebiogrid.org/Dataset/114,direct website browse association; cached source identity
1006,114,pubmed,30971826,https://orcs.thebiogrid.org/Dataset/114,direct website browse association; cached source identity
1005,114,pubmed,30971826,https://orcs.thebiogrid.org/Dataset/114,direct website browse association; cached source identity
1004,114,pubmed,30971826,https://orcs.thebiogrid.org/Dataset/114,direct website browse association; cached source identity
1003,114,pubmed,30971826,https://orcs.thebiogrid.org/Dataset/114,direct website browse association; cached source identity
1002,114,pubmed,30971826,https://orcs.thebiogrid.org/Dataset/114,direct website browse association; cached source identity
1001,114,pubmed,30971826,https://orcs.thebiogrid.org/Dataset/114,direct website browse association; cached source identity
1000,114,pubmed,30971826,https://orcs.thebiogrid.org/Dataset/114,direct website browse association; cached source identity
999,114,pubmed,30971826,https://orcs.thebiogrid.org/Dataset/114,direct website browse association; cached source identity
998,114,pubmed,30971826,https://orcs.thebiogrid.org/Dataset/114,direct website browse association; cached source identity
997,114,pubmed,30971826,https://orcs.thebiogrid.org/Dataset/114,direct website browse association; cached source identity
996,114,pubmed,30971826,https://orcs.thebiogrid.org/Dataset/114,direct website browse association; cached source identity
995,114,pubmed,30971826,https://orcs.thebiogrid.org/Dataset/114,direct website browse association; cached source identity
994,114,pubmed,30971826,https://orcs.thebiogrid.org/Dataset/114,direct website browse association; cached source identity
993,114,pubmed,30971826,https://orcs.thebiogrid.org/Dataset/114,direct website browse association; cached source identity
992,114,pubmed,30971826,https://orcs.thebiogrid.org/Dataset/114,direct website browse association; cached source identity
991,114,pubmed,30971826,https://orcs.thebiogrid.org/Dataset/114,direct website browse association; cached source identity
990,114,pubmed,30971826,https://orcs.thebiogrid.org/Dataset/114,direct website browse association; cached source identity
989,114,pubmed,30971826,https://orcs.thebiogrid.org/Dataset/114,direct website browse association; cached source identity
988,114,pubmed,30971826,https://orcs.thebiogrid.org/Dataset/114,direct website browse association; cached source identity
987,114,pubmed,30971826,https://orcs.thebiogrid.org/Dataset/114,direct website browse association; cached source identity
986,114,pubmed,30971826,https://orcs.thebiogrid.org/Dataset/114,direct website browse association; cached source identity
985,114,pubmed,30971826,https://orcs.thebiogrid.org/Dataset/114,direct website browse association; cached source identity
984,114,pubmed,30971826,https://orcs.thebiogrid.org/Dataset/114,direct website browse association; cached source identity
983,114,pubmed,30971826,https://orcs.thebiogrid.org/Dataset/114,direct website browse association; cached source identity
982,114,pubmed,30971826,https://orcs.thebiogrid.org/Dataset/114,direct website browse association; cached source identity
981,114,pubmed,30971826,https://orcs.thebiogrid.org/Dataset/114,direct website browse association; cached source identity
980,114,pubmed,30971826,https://orcs.thebiogrid.org/Dataset/114,direct website browse association; cached source identity
979,114,pubmed,30971826,https://orcs.thebiogrid.org/Dataset/114,direct website browse association; cached source identity
978,114,pubmed,30971826,https://orcs.thebiogrid.org/Dataset/114,direct website browse association; cached source identity
977,114,pubmed,30971826,https://orcs.thebiogrid.org/Dataset/114,direct website browse association; cached source identity
976,114,pubmed,30971826,https://orcs.thebiogrid.org/Dataset/114,direct website browse association; cached source identity
975,114,pubmed,30971826,https://orcs.thebiogrid.org/Dataset/114,direct website browse association; cached source identity
974,114,pubmed,30971826,https://orcs.thebiogrid.org/Dataset/114,direct website browse association; cached source identity
973,114,pubmed,30971826,https://orcs.thebiogrid.org/Dataset/114,direct website browse association; cached source identity
972,114,pubmed,30971826,https://orcs.thebiogrid.org/Dataset/114,direct website browse association; cached source identity
971,114,pubmed,30971826,https://orcs.thebiogrid.org/Dataset/114,direct website browse association; cached source identity
970,114,pubmed,30971826,https://orcs.thebiogrid.org/Dataset/114,direct website browse association; cached source identity
969,114,pubmed,30971826,https://orcs.thebiogrid.org/Dataset/114,direct website browse association; cached source identity
968,114,pubmed,30971826,https://orcs.thebiogrid.org/Dataset/114,direct website browse association; cached source identity
967,114,pubmed,30971826,https://orcs.thebiogrid.org/Dataset/114,direct website browse association; cached source identity
966,114,pubmed,30971826,https://orcs.thebiogrid.org/Dataset/114,direct website browse association; cached source identity
965,114,pubmed,30971826,https://orcs.thebiogrid.org/Dataset/114,direct website browse association; cached source identity
964,114,pubmed,30971826,https://orcs.thebiogrid.org/Dataset/114,direct website browse association; cached source identity
963,114,pubmed,30971826,https://orcs.thebiogrid.org/Dataset/114,direct website browse association; cached source identity
962,114,pubmed,30971826,https://orcs.thebiogrid.org/Dataset/114,direct website browse association; cached source identity
961,114,pubmed,30971826,https://orcs.thebiogrid.org/Dataset/114,direct website browse association; cached source identity
960,114,pubmed,30971826,https://orcs.thebiogrid.org/Dataset/114,direct website browse association; cached source identity
959,114,pubmed,30971826,https://orcs.thebiogrid.org/Dataset/114,direct website browse association; cached source identity
958,114,pubmed,30971826,https://orcs.thebiogrid.org/Dataset/114,direct website browse association; cached source identity
957,114,pubmed,30971826,https://orcs.thebiogrid.org/Dataset/114,direct website browse association; cached source identity
956,114,pubmed,30971826,https://orcs.thebiogrid.org/Dataset/114,direct website browse association; cached source identity
955,114,pubmed,30971826,https://orcs.thebiogrid.org/Dataset/114,direct website browse association; cached source identity
954,114,pubmed,30971826,https://orcs.thebiogrid.org/Dataset/114,direct website browse association; cached source identity
953,114,pubmed,30971826,https://orcs.thebiogrid.org/Dataset/114,direct website browse association; cached source identity
952,114,pubmed,30971826,https://orcs.thebiogrid.org/Dataset/114,direct website browse association; cached source identity
951,114,pubmed,30971826,https://orcs.thebiogrid.org/Dataset/114,direct website browse association; cached source identity
950,114,pubmed,30971826,https://orcs.thebiogrid.org/Dataset/114,direct website browse association; cached source identity
949,114,pubmed,30971826,https://orcs.thebiogrid.org/Dataset/114,direct website browse association; cached source identity
948,114,pubmed,30971826,https://orcs.thebiogrid.org/Dataset/114,direct website browse association; cached source identity
947,114,pubmed,30971826,https://orcs.thebiogrid.org/Dataset/114,direct website browse association; cached source identity
946,114,pubmed,30971826,https://orcs.thebiogrid.org/Dataset/114,direct website browse association; cached source identity
945,114,pubmed,30971826,https://orcs.thebiogrid.org/Dataset/114,direct website browse association; cached source identity
944,114,pubmed,30971826,https://orcs.thebiogrid.org/Dataset/114,direct website browse association; cached source identity
943,114,pubmed,30971826,https://orcs.thebiogrid.org/Dataset/114,direct website browse association; cached source identity
942,114,pubmed,30971826,https://orcs.thebiogrid.org/Dataset/114,direct website browse association; cached source identity
941,114,pubmed,30971826,https://orcs.thebiogrid.org/Dataset/114,direct website browse association; cached source identity
940,114,pubmed,30971826,https://orcs.thebiogrid.org/Dataset/114,direct website browse association; cached source identity
939,114,pubmed,30971826,https://orcs.thebiogrid.org/Dataset/114,direct website browse association; cached source identity
938,114,pubmed,30971826,https://orcs.thebiogrid.org/Dataset/114,direct website browse association; cached source identity
937,114,pubmed,30971826,https://orcs.thebiogrid.org/Dataset/114,direct website browse association; cached source identity
936,114,pubmed,30971826,https://orcs.thebiogrid.org/Dataset/114,direct website browse association; cached source identity
935,114,pubmed,30971826,https://orcs.thebiogrid.org/Dataset/114,direct website browse association; cached source identity
934,114,pubmed,30971826,https://orcs.thebiogrid.org/Dataset/114,direct website browse association; cached source identity
933,114,pubmed,30971826,https://orcs.thebiogrid.org/Dataset/114,direct website browse association; cached source identity
932,114,pubmed,30971826,https://orcs.thebiogrid.org/Dataset/114,direct website browse association; cached source identity
931,114,pubmed,30971826,https://orcs.thebiogrid.org/Dataset/114,direct website browse association; cached source identity
930,114,pubmed,30971826,https://orcs.thebiogrid.org/Dataset/114,direct website browse association; cached source identity
929,114,pubmed,30971826,https://orcs.thebiogrid.org/Dataset/114,direct website browse association; cached source identity
928,114,pubmed,30971826,https://orcs.thebiogrid.org/Dataset/114,direct website browse association; cached source identity
927,114,pubmed,30971826,https://orcs.thebiogrid.org/Dataset/114,direct website browse association; cached source identity
926,114,pubmed,30971826,https://orcs.thebiogrid.org/Dataset/114,direct website browse association; cached source identity
925,114,pubmed,30971826,https://orcs.thebiogrid.org/Dataset/114,direct website browse association; cached source identity
924,114,pubmed,30971826,https://orcs.thebiogrid.org/Dataset/114,direct website browse association; cached source identity
923,114,pubmed,30971826,https://orcs.thebiogrid.org/Dataset/114,direct website browse association; cached source identity
922,114,pubmed,30971826,https://orcs.thebiogrid.org/Dataset/114,direct website browse association; cached source identity
921,114,pubmed,30971826,https://orcs.thebiogrid.org/Dataset/114,direct website browse association; cached source identity
920,114,pubmed,30971826,https://orcs.thebiogrid.org/Dataset/114,direct website browse association; cached source identity
919,114,pubmed,30971826,https://orcs.thebiogrid.org/Dataset/114,direct website browse association; cached source identity
918,114,pubmed,30971826,https://orcs.thebiogrid.org/Dataset/114,direct website browse association; cached source identity
917,114,pubmed,30971826,https://orcs.thebiogrid.org/Dataset/114,direct website browse association; cached source identity
916,114,pubmed,30971826,https://orcs.thebiogrid.org/Dataset/114,direct website browse association; cached source identity
915,114,pubmed,30971826,https://orcs.thebiogrid.org/Dataset/114,direct website browse association; cached source identity
914,114,pubmed,30971826,https://orcs.thebiogrid.org/Dataset/114,direct website browse association; cached source identity
913,114,pubmed,30971826,https://orcs.thebiogrid.org/Dataset/114,direct website browse association; cached source identity
912,114,pubmed,30971826,https://orcs.thebiogrid.org/Dataset/114,direct website browse association; cached source identity
911,114,pubmed,30971826,https://orcs.thebiogrid.org/Dataset/114,direct website browse association; cached source identity
910,114,pubmed,30971826,https://orcs.thebiogrid.org/Dataset/114,direct website browse association; cached source identity
909,114,pubmed,30971826,https://orcs.thebiogrid.org/Dataset/114,direct website browse association; cached source identity
908,114,pubmed,30971826,https://orcs.thebiogrid.org/Dataset/114,direct website browse association; cached source identity
907,114,pubmed,30971826,https://orcs.thebiogrid.org/Dataset/114,direct website browse association; cached source identity
906,114,pubmed,30971826,https://orcs.thebiogrid.org/Dataset/114,direct website browse association; cached source identity
905,114,pubmed,30971826,https://orcs.thebiogrid.org/Dataset/114,direct website browse association; cached source identity
904,114,pubmed,30971826,https://orcs.thebiogrid.org/Dataset/114,direct website browse association; cached source identity
903,114,pubmed,30971826,https://orcs.thebiogrid.org/Dataset/114,direct website browse association; cached source identity
902,114,pubmed,30971826,https://orcs.thebiogrid.org/Dataset/114,direct website browse association; cached source identity
901,114,pubmed,30971826,https://orcs.thebiogrid.org/Dataset/114,direct website browse association; cached source identity
900,114,pubmed,30971826,https://orcs.thebiogrid.org/Dataset/114,direct website browse association; cached source identity
899,114,pubmed,30971826,https://orcs.thebiogrid.org/Dataset/114,direct website browse association; cached source identity
898,114,pubmed,30971826,https://orcs.thebiogrid.org/Dataset/114,direct website browse association; cached source identity
897,114,pubmed,30971826,https://orcs.thebiogrid.org/Dataset/114,direct website browse association; cached source identity
896,114,pubmed,30971826,https://orcs.thebiogrid.org/Dataset/114,direct website browse association; cached source identity
895,114,pubmed,30971826,https://orcs.thebiogrid.org/Dataset/114,direct website browse association; cached source identity
894,114,pubmed,30971826,https://orcs.thebiogrid.org/Dataset/114,direct website browse association; cached source identity
893,114,pubmed,30971826,https://orcs.thebiogrid.org/Dataset/114,direct website browse association; cached source identity
892,114,pubmed,30971826,https://orcs.thebiogrid.org/Dataset/114,direct website browse association; cached source identity
891,114,pubmed,30971826,https://orcs.thebiogrid.org/Dataset/114,direct website browse association; cached source identity
890,114,pubmed,30971826,https://orcs.thebiogrid.org/Dataset/114,direct website browse association; cached source identity
889,114,pubmed,30971826,https://orcs.thebiogrid.org/Dataset/114,direct website browse association; cached source identity
888,114,pubmed,30971826,https://orcs.thebiogrid.org/Dataset/114,direct website browse association; cached source identity
887,114,pubmed,30971826,https://orcs.thebiogrid.org/Dataset/114,direct website browse association; cached source identity
886,114,pubmed,30971826,https://orcs.thebiogrid.org/Dataset/114,direct website browse association; cached source identity
885,114,pubmed,30971826,https://orcs.thebiogrid.org/Dataset/114,direct website browse association; cached source identity
884,114,pubmed,30971826,https://orcs.thebiogrid.org/Dataset/114,direct website browse association; cached source identity
883,114,pubmed,30971826,https://orcs.thebiogrid.org/Dataset/114,direct website browse association; cached source identity
882,114,pubmed,30971826,https://orcs.thebiogrid.org/Dataset/114,direct website browse association; cached source identity
881,114,pubmed,30971826,https://orcs.thebiogrid.org/Dataset/114,direct website browse association; cached source identity
880,114,pubmed,30971826,https://orcs.thebiogrid.org/Dataset/114,direct website browse association; cached source identity
879,114,pubmed,30971826,https://orcs.thebiogrid.org/Dataset/114,direct website browse association; cached source identity
878,114,pubmed,30971826,https://orcs.thebiogrid.org/Dataset/114,direct website browse association; cached source identity
877,114,pubmed,30971826,https://orcs.thebiogrid.org/Dataset/114,direct website browse association; cached source identity
876,114,pubmed,30971826,https://orcs.thebiogrid.org/Dataset/114,direct website browse association; cached source identity
875,114,pubmed,30971826,https://orcs.thebiogrid.org/Dataset/114,direct website browse association; cached source identity
874,114,pubmed,30971826,https://orcs.thebiogrid.org/Dataset/114,direct website browse association; cached source identity
873,114,pubmed,30971826,https://orcs.thebiogrid.org/Dataset/114,direct website browse association; cached source identity
872,114,pubmed,30971826,https://orcs.thebiogrid.org/Dataset/114,direct website browse association; cached source identity
871,114,pubmed,30971826,https://orcs.thebiogrid.org/Dataset/114,direct website browse association; cached source identity
870,114,pubmed,30971826,https://orcs.thebiogrid.org/Dataset/114,direct website browse association; cached source identity
869,114,pubmed,30971826,https://orcs.thebiogrid.org/Dataset/114,direct website browse association; cached source identity
868,114,pubmed,30971826,https://orcs.thebiogrid.org/Dataset/114,direct website browse association; cached source identity
867,114,pubmed,30971826,https://orcs.thebiogrid.org/Dataset/114,direct website browse association; cached source identity
866,114,pubmed,30971826,https://orcs.thebiogrid.org/Dataset/114,direct website browse association; cached source identity
865,114,pubmed,30971826,https://orcs.thebiogrid.org/Dataset/114,direct website browse association; cached source identity
864,114,pubmed,30971826,https://orcs.thebiogrid.org/Dataset/114,direct website browse association; cached source identity
863,114,pubmed,30971826,https://orcs.thebiogrid.org/Dataset/114,direct website browse association; cached source identity
862,114,pubmed,30971826,https://orcs.thebiogrid.org/Dataset/114,direct website browse association; cached source identity
861,114,pubmed,30971826,https://orcs.thebiogrid.org/Dataset/114,direct website browse association; cached source identity
860,114,pubmed,30971826,https://orcs.thebiogrid.org/Dataset/114,direct website browse association; cached source identity
859,114,pubmed,30971826,https://orcs.thebiogrid.org/Dataset/114,direct website browse association; cached source identity
858,114,pubmed,30971826,https://orcs.thebiogrid.org/Dataset/114,direct website browse association; cached source identity
857,114,pubmed,30971826,https://orcs.thebiogrid.org/Dataset/114,direct website browse association; cached source identity
856,114,pubmed,30971826,https://orcs.thebiogrid.org/Dataset/114,direct website browse association; cached source identity
855,114,pubmed,30971826,https://orcs.thebiogrid.org/Dataset/114,direct website browse association; cached source identity
854,114,pubmed,30971826,https://orcs.thebiogrid.org/Dataset/114,direct website browse association; cached source identity
853,114,pubmed,30971826,https://orcs.thebiogrid.org/Dataset/114,direct website browse association; cached source identity
852,114,pubmed,30971826,https://orcs.thebiogrid.org/Dataset/114,direct website browse association; cached source identity
851,114,pubmed,30971826,https://orcs.thebiogrid.org/Dataset/114,direct website browse association; cached source identity
850,114,pubmed,30971826,https://orcs.thebiogrid.org/Dataset/114,direct website browse association; cached source identity
849,114,pubmed,30971826,https://orcs.thebiogrid.org/Dataset/114,direct website browse association; cached source identity
848,114,pubmed,30971826,https://orcs.thebiogrid.org/Dataset/114,direct website browse association; cached source identity
847,114,pubmed,30971826,https://orcs.thebiogrid.org/Dataset/114,direct website browse association; cached source identity
846,114,pubmed,30971826,https://orcs.thebiogrid.org/Dataset/114,direct website browse association; cached source identity
845,114,pubmed,30971826,https://orcs.thebiogrid.org/Dataset/114,direct website browse association; cached source identity
844,114,pubmed,30971826,https://orcs.thebiogrid.org/Dataset/114,direct website browse association; cached source identity
843,114,pubmed,30971826,https://orcs.thebiogrid.org/Dataset/114,direct website browse association; cached source identity
842,114,pubmed,30971826,https://orcs.thebiogrid.org/Dataset/114,direct website browse association; cached source identity
841,114,pubmed,30971826,https://orcs.thebiogrid.org/Dataset/114,direct website browse association; cached source identity
840,114,pubmed,30971826,https://orcs.thebiogrid.org/Dataset/114,direct website browse association; cached source identity
839,114,pubmed,30971826,https://orcs.thebiogrid.org/Dataset/114,direct website browse association; cached source identity
838,114,pubmed,30971826,https://orcs.thebiogrid.org/Dataset/114,direct website browse association; cached source identity
837,114,pubmed,30971826,https://orcs.thebiogrid.org/Dataset/114,direct website browse association; cached source identity
836,114,pubmed,30971826,https://orcs.thebiogrid.org/Dataset/114,direct website browse association; cached source identity
835,114,pubmed,30971826,https://orcs.thebiogrid.org/Dataset/114,direct website browse association; cached source identity
834,114,pubmed,30971826,https://orcs.thebiogrid.org/Dataset/114,direct website browse association; cached source identity
833,114,pubmed,30971826,https://orcs.thebiogrid.org/Dataset/114,direct website browse association; cached source identity
832,114,pubmed,30971826,https://orcs.thebiogrid.org/Dataset/114,direct website browse association; cached source identity
831,114,pubmed,30971826,https://orcs.thebiogrid.org/Dataset/114,direct website browse association; cached source identity
830,114,pubmed,30971826,https://orcs.thebiogrid.org/Dataset/114,direct website browse association; cached source identity
829,114,pubmed,30971826,https://orcs.thebiogrid.org/Dataset/114,direct website browse association; cached source identity
828,114,pubmed,30971826,https://orcs.thebiogrid.org/Dataset/114,direct website browse association; cached source identity
827,114,pubmed,30971826,https://orcs.thebiogrid.org/Dataset/114,direct website browse association; cached source identity
826,114,pubmed,30971826,https://orcs.thebiogrid.org/Dataset/114,direct website browse association; cached source identity
825,114,pubmed,30971826,https://orcs.thebiogrid.org/Dataset/114,direct website browse association; cached source identity
824,114,pubmed,30971826,https://orcs.thebiogrid.org/Dataset/114,direct website browse association; cached source identity
823,114,pubmed,30971826,https://orcs.thebiogrid.org/Dataset/114,direct website browse association; cached source identity
822,114,pubmed,30971826,https://orcs.thebiogrid.org/Dataset/114,direct website browse association; cached source identity
821,114,pubmed,30971826,https://orcs.thebiogrid.org/Dataset/114,direct website browse association; cached source identity
820,114,pubmed,30971826,https://orcs.thebiogrid.org/Dataset/114,direct website browse association; cached source identity
819,114,pubmed,30971826,https://orcs.thebiogrid.org/Dataset/114,direct website browse association; cached source identity
818,114,pubmed,30971826,https://orcs.thebiogrid.org/Dataset/114,direct website browse association; cached source identity
817,114,pubmed,30971826,https://orcs.thebiogrid.org/Dataset/114,direct website browse association; cached source identity
816,114,pubmed,30971826,https://orcs.thebiogrid.org/Dataset/114,direct website browse association; cached source identity
815,114,pubmed,30971826,https://orcs.thebiogrid.org/Dataset/114,direct website browse association; cached source identity
814,114,pubmed,30971826,https://orcs.thebiogrid.org/Dataset/114,direct website browse association; cached source identity
813,114,pubmed,30971826,https://orcs.thebiogrid.org/Dataset/114,direct website browse association; cached source identity
812,114,pubmed,30971826,https://orcs.thebiogrid.org/Dataset/114,direct website browse association; cached source identity
811,114,pubmed,30971826,https://orcs.thebiogrid.org/Dataset/114,direct website browse association; cached source identity
810,114,pubmed,30971826,https://orcs.thebiogrid.org/Dataset/114,direct website browse association; cached source identity
809,114,pubmed,30971826,https://orcs.thebiogrid.org/Dataset/114,direct website browse association; cached source identity
808,114,pubmed,30971826,https://orcs.thebiogrid.org/Dataset/114,direct website browse association; cached source identity
807,114,pubmed,30971826,https://orcs.thebiogrid.org/Dataset/114,direct website browse association; cached source identity
806,114,pubmed,30971826,https://orcs.thebiogrid.org/Dataset/114,direct website browse association; cached source identity
805,114,pubmed,30971826,https://orcs.thebiogrid.org/Dataset/114,direct website browse association; cached source identity
804,114,pubmed,30971826,https://orcs.thebiogrid.org/Dataset/114,direct website browse association; cached source identity
803,114,pubmed,30971826,https://orcs.thebiogrid.org/Dataset/114,direct website browse association; cached source identity
802,114,pubmed,30971826,https://orcs.thebiogrid.org/Dataset/114,direct website browse association; cached source identity
801,114,pubmed,30971826,https://orcs.thebiogrid.org/Dataset/114,direct website browse association; cached source identity
800,114,pubmed,30971826,https://orcs.thebiogrid.org/Dataset/114,direct website browse association; cached source identity
799,114,pubmed,30971826,https://orcs.thebiogrid.org/Dataset/114,direct website browse association; cached source identity
798,114,pubmed,30971826,https://orcs.thebiogrid.org/Dataset/114,direct website browse association; cached source identity
797,114,pubmed,30971826,https://orcs.thebiogrid.org/Dataset/114,direct website browse association; cached source identity
796,114,pubmed,30971826,https://orcs.thebiogrid.org/Dataset/114,direct website browse association; cached source identity
795,114,pubmed,30971826,https://orcs.thebiogrid.org/Dataset/114,direct website browse association; cached source identity
794,114,pubmed,30971826,https://orcs.thebiogrid.org/Dataset/114,direct website browse association; cached source identity
793,114,pubmed,30971826,https://orcs.thebiogrid.org/Dataset/114,direct website browse association; cached source identity
792,114,pubmed,30971826,https://orcs.thebiogrid.org/Dataset/114,direct website browse association; cached source identity
791,114,pubmed,30971826,https://orcs.thebiogrid.org/Dataset/114,direct website browse association; cached source identity
790,114,pubmed,30971826,https://orcs.thebiogrid.org/Dataset/114,direct website browse association; cached source identity
789,114,pubmed,30971826,https://orcs.thebiogrid.org/Dataset/114,direct website browse association; cached source identity
788,114,pubmed,30971826,https://orcs.thebiogrid.org/Dataset/114,direct website browse association; cached source identity
787,114,pubmed,30971826,https://orcs.thebiogrid.org/Dataset/114,direct website browse association; cached source identity
786,114,pubmed,30971826,https://orcs.thebiogrid.org/Dataset/114,direct website browse association; cached source identity
785,114,pubmed,30971826,https://orcs.thebiogrid.org/Dataset/114,direct website browse association; cached source identity
784,114,pubmed,30971826,https://orcs.thebiogrid.org/Dataset/114,direct website browse association; cached source identity
783,114,pubmed,30971826,https://orcs.thebiogrid.org/Dataset/114,direct website browse association; cached source identity
782,114,pubmed,30971826,https://orcs.thebiogrid.org/Dataset/114,direct website browse association; cached source identity
781,114,pubmed,30971826,https://orcs.thebiogrid.org/Dataset/114,direct website browse association; cached source identity
780,114,pubmed,30971826,https://orcs.thebiogrid.org/Dataset/114,direct website browse association; cached source identity
779,114,pubmed,30971826,https://orcs.thebiogrid.org/Dataset/114,direct website browse association; cached source identity
778,114,pubmed,30971826,https://orcs.thebiogrid.org/Dataset/114,direct website browse association; cached source identity
777,114,pubmed,30971826,https://orcs.thebiogrid.org/Dataset/114,direct website browse association; cached source identity
776,114,pubmed,30971826,https://orcs.thebiogrid.org/Dataset/114,direct website browse association; cached source identity
775,114,pubmed,30971826,https://orcs.thebiogrid.org/Dataset/114,direct website browse association; cached source identity
774,114,pubmed,30971826,https://orcs.thebiogrid.org/Dataset/114,direct website browse association; cached source identity
773,114,pubmed,30971826,https://orcs.thebiogrid.org/Dataset/114,direct website browse association; cached source identity
772,114,pubmed,30971826,https://orcs.thebiogrid.org/Dataset/114,direct website browse association; cached source identity
771,114,pubmed,30971826,https://orcs.thebiogrid.org/Dataset/114,direct website browse association; cached source identity
770,114,pubmed,30971826,https://orcs.thebiogrid.org/Dataset/114,direct website browse association; cached source identity
769,114,pubmed,30971826,https://orcs.thebiogrid.org/Dataset/114,direct website browse association; cached source identity
768,114,pubmed,30971826,https://orcs.thebiogrid.org/Dataset/114,direct website browse association; cached source identity
767,114,pubmed,30971826,https://orcs.thebiogrid.org/Dataset/114,direct website browse association; cached source identity
766,114,pubmed,30971826,https://orcs.thebiogrid.org/Dataset/114,direct website browse association; cached source identity
765,114,pubmed,30971826,https://orcs.thebiogrid.org/Dataset/114,direct website browse association; cached source identity
764,114,pubmed,30971826,https://orcs.thebiogrid.org/Dataset/114,direct website browse association; cached source identity
763,114,pubmed,30971826,https://orcs.thebiogrid.org/Dataset/114,direct website browse association; cached source identity
762,114,pubmed,30971826,https://orcs.thebiogrid.org/Dataset/114,direct website browse association; cached source identity
761,114,pubmed,30971826,https://orcs.thebiogrid.org/Dataset/114,direct website browse association; cached source identity
760,114,pubmed,30971826,https://orcs.thebiogrid.org/Dataset/114,direct website browse association; cached source identity
759,114,pubmed,30971826,https://orcs.thebiogrid.org/Dataset/114,direct website browse association; cached source identity
758,114,pubmed,30971826,https://orcs.thebiogrid.org/Dataset/114,direct website browse association; cached source identity
757,114,pubmed,30971826,https://orcs.thebiogrid.org/Dataset/114,direct website browse association; cached source identity
756,114,pubmed,30971826,https://orcs.thebiogrid.org/Dataset/114,direct website browse association; cached source identity
755,114,pubmed,30971826,https://orcs.thebiogrid.org/Dataset/114,direct website browse association; cached source identity
754,114,pubmed,30971826,https://orcs.thebiogrid.org/Dataset/114,direct website browse association; cached source identity
753,114,pubmed,30971826,https://orcs.thebiogrid.org/Dataset/114,direct website browse association; cached source identity
752,114,pubmed,30971826,https://orcs.thebiogrid.org/Dataset/114,direct website browse association; cached source identity
751,114,pubmed,30971826,https://orcs.thebiogrid.org/Dataset/114,direct website browse association; cached source identity
750,114,pubmed,30971826,https://orcs.thebiogrid.org/Dataset/114,direct website browse association; cached source identity
749,114,pubmed,30971826,https://orcs.thebiogrid.org/Dataset/114,direct website browse association; cached source identity
748,114,pubmed,30971826,https://orcs.thebiogrid.org/Dataset/114,direct website browse association; cached source identity
747,114,pubmed,30971826,https://orcs.thebiogrid.org/Dataset/114,direct website browse association; cached source identity
746,114,pubmed,30971826,https://orcs.thebiogrid.org/Dataset/114,direct website browse association; cached source identity
745,114,pubmed,30971826,https://orcs.thebiogrid.org/Dataset/114,direct website browse association; cached source identity
744,114,pubmed,30971826,https://orcs.thebiogrid.org/Dataset/114,direct website browse association; cached source identity
743,114,pubmed,30971826,https://orcs.thebiogrid.org/Dataset/114,direct website browse association; cached source identity
742,114,pubmed,30971826,https://orcs.thebiogrid.org/Dataset/114,direct website browse association; cached source identity
741,114,pubmed,30971826,https://orcs.thebiogrid.org/Dataset/114,direct website browse association; cached source identity
740,114,pubmed,30971826,https://orcs.thebiogrid.org/Dataset/114,direct website browse association; cached source identity
739,114,pubmed,30971826,https://orcs.thebiogrid.org/Dataset/114,direct website browse association; cached source identity
738,114,pubmed,30971826,https://orcs.thebiogrid.org/Dataset/114,direct website browse association; cached source identity
737,114,pubmed,30971826,https://orcs.thebiogrid.org/Dataset/114,direct website browse association; cached source identity
736,114,pubmed,30971826,https://orcs.thebiogrid.org/Dataset/114,direct website browse association; cached source identity
735,114,pubmed,30971826,https://orcs.thebiogrid.org/Dataset/114,direct website browse association; cached source identity
734,114,pubmed,30971826,https://orcs.thebiogrid.org/Dataset/114,direct website browse association; cached source identity
733,114,pubmed,30971826,https://orcs.thebiogrid.org/Dataset/114,direct website browse association; cached source identity
732,114,pubmed,30971826,https://orcs.thebiogrid.org/Dataset/114,direct website browse association; cached source identity
731,114,pubmed,30971826,https://orcs.thebiogrid.org/Dataset/114,direct website browse association; cached source identity
730,114,pubmed,30971826,https://orcs.thebiogrid.org/Dataset/114,direct website browse association; cached source identity
729,114,pubmed,30971826,https://orcs.thebiogrid.org/Dataset/114,direct website browse association; cached source identity
728,114,pubmed,30971826,https://orcs.thebiogrid.org/Dataset/114,direct website browse association; cached source identity
727,114,pubmed,30971826,https://orcs.thebiogrid.org/Dataset/114,direct website browse association; cached source identity
726,114,pubmed,30971826,https://orcs.thebiogrid.org/Dataset/114,direct website browse association; cached source identity
725,114,pubmed,30971826,https://orcs.thebiogrid.org/Dataset/114,direct website browse association; cached source identity
724,114,pubmed,30971826,https://orcs.thebiogrid.org/Dataset/114,direct website browse association; cached source identity
723,114,pubmed,30971826,https://orcs.thebiogrid.org/Dataset/114,direct website browse association; cached source identity
722,114,pubmed,30971826,https://orcs.thebiogrid.org/Dataset/114,direct website browse association; cached source identity
721,114,pubmed,30971826,https://orcs.thebiogrid.org/Dataset/114,direct website browse association; cached source identity
720,114,pubmed,30971826,https://orcs.thebiogrid.org/Dataset/114,direct website browse association; cached source identity
719,114,pubmed,30971826,https://orcs.thebiogrid.org/Dataset/114,direct website browse association; cached source identity
718,114,pubmed,30971826,https://orcs.thebiogrid.org/Dataset/114,direct website browse association; cached source identity
717,114,pubmed,30971826,https://orcs.thebiogrid.org/Dataset/114,direct website browse association; cached source identity
716,114,pubmed,30971826,https://orcs.thebiogrid.org/Dataset/114,direct website browse association; cached source identity
715,114,pubmed,30971826,https://orcs.thebiogrid.org/Dataset/114,direct website browse association; cached source identity
714,114,pubmed,30971826,https://orcs.thebiogrid.org/Dataset/114,direct website browse association; cached source identity
713,114,pubmed,30971826,https://orcs.thebiogrid.org/Dataset/114,direct website browse association; cached source identity
712,114,pubmed,30971826,https://orcs.thebiogrid.org/Dataset/114,direct website browse association; cached source identity
711,114,pubmed,30971826,https://orcs.thebiogrid.org/Dataset/114,direct website browse association; cached source identity
710,114,pubmed,30971826,https://orcs.thebiogrid.org/Dataset/114,direct website browse association; cached source identity
709,114,pubmed,30971826,https://orcs.thebiogrid.org/Dataset/114,direct website browse association; cached source identity
708,114,pubmed,30971826,https://orcs.thebiogrid.org/Dataset/114,direct website browse association; cached source identity
707,114,pubmed,30971826,https://orcs.thebiogrid.org/Dataset/114,direct website browse association; cached source identity
706,114,pubmed,30971826,https://orcs.thebiogrid.org/Dataset/114,direct website browse association; cached source identity
705,114,pubmed,30971826,https://orcs.thebiogrid.org/Dataset/114,direct website browse association; cached source identity
704,114,pubmed,30971826,https://orcs.thebiogrid.org/Dataset/114,direct website browse association; cached source identity
703,114,pubmed,30971826,https://orcs.thebiogrid.org/Dataset/114,direct website browse association; cached source identity
702,114,pubmed,30971826,https://orcs.thebiogrid.org/Dataset/114,direct website browse association; cached source identity
701,114,pubmed,30971826,https://orcs.thebiogrid.org/Dataset/114,direct website browse association; cached source identity
700,114,pubmed,30971826,https://orcs.thebiogrid.org/Dataset/114,direct website browse association; cached source identity
699,114,pubmed,30971826,https://orcs.thebiogrid.org/Dataset/114,direct website browse association; cached source identity
698,114,pubmed,30971826,https://orcs.thebiogrid.org/Dataset/114,direct website browse association; cached source identity
697,114,pubmed,30971826,https://orcs.thebiogrid.org/Dataset/114,direct website browse association; cached source identity
696,114,pubmed,30971826,https://orcs.thebiogrid.org/Dataset/114,direct website browse association; cached source identity
695,114,pubmed,30971826,https://orcs.thebiogrid.org/Dataset/114,direct website browse association; cached source identity
694,114,pubmed,30971826,https://orcs.thebiogrid.org/Dataset/114,direct website browse association; cached source identity
693,114,pubmed,30971826,https://orcs.thebiogrid.org/Dataset/114,direct website browse association; cached source identity
692,114,pubmed,30971826,https://orcs.thebiogrid.org/Dataset/114,direct website browse association; cached source identity
691,114,pubmed,30971826,https://orcs.thebiogrid.org/Dataset/114,direct website browse association; cached source identity
690,122,pubmed,30905739,https://orcs.thebiogrid.org/Dataset/122,direct website browse association; cached source identity
689,121,pubmed,30898113,https://orcs.thebiogrid.org/Dataset/121,direct website browse association; cached source identity
688,115,pubmed,30797773,https://orcs.thebiogrid.org/Dataset/115,direct website browse association; cached source identity
687,115,pubmed,30797773,https://orcs.thebiogrid.org/Dataset/115,direct website browse association; cached source identity
685,107,pubmed,29478914,https://orcs.thebiogrid.org/Dataset/107,direct website browse association; cached source identity
684,107,pubmed,29478914,https://orcs.thebiogrid.org/Dataset/107,direct website browse association; cached source identity
683,106,pubmed,29526696,https://orcs.thebiogrid.org/Dataset/106,direct website browse association; cached source identity
682,106,pubmed,29526696,https://orcs.thebiogrid.org/Dataset/106,direct website browse association; cached source identity
681,106,pubmed,29526696,https://orcs.thebiogrid.org/Dataset/106,direct website browse association; cached source identity
680,106,pubmed,29526696,https://orcs.thebiogrid.org/Dataset/106,direct website browse association; cached source identity
679,106,pubmed,29526696,https://orcs.thebiogrid.org/Dataset/106,direct website browse association; cached source identity
678,106,pubmed,29526696,https://orcs.thebiogrid.org/Dataset/106,direct website browse association; cached source identity
677,106,pubmed,29526696,https://orcs.thebiogrid.org/Dataset/106,direct website browse association; cached source identity
676,106,pubmed,29526696,https://orcs.thebiogrid.org/Dataset/106,direct website browse association; cached source identity
675,106,pubmed,29526696,https://orcs.thebiogrid.org/Dataset/106,direct website browse association; cached source identity
674,106,pubmed,29526696,https://orcs.thebiogrid.org/Dataset/106,direct website browse association; cached source identity
673,106,pubmed,29526696,https://orcs.thebiogrid.org/Dataset/106,direct website browse association; cached source identity
672,106,pubmed,29526696,https://orcs.thebiogrid.org/Dataset/106,direct website browse association; cached source identity
671,106,pubmed,29526696,https://orcs.thebiogrid.org/Dataset/106,direct website browse association; cached source identity
670,106,pubmed,29526696,https://orcs.thebiogrid.org/Dataset/106,direct website browse association; cached source identity
669,106,pubmed,29526696,https://orcs.thebiogrid.org/Dataset/106,direct website browse association; cached source identity
668,106,pubmed,29526696,https://orcs.thebiogrid.org/Dataset/106,direct website browse association; cached source identity
667,106,pubmed,29526696,https://orcs.thebiogrid.org/Dataset/106,direct website browse association; cached source identity
666,106,pubmed,29526696,https://orcs.thebiogrid.org/Dataset/106,direct website browse association; cached source identity
665,106,pubmed,29526696,https://orcs.thebiogrid.org/Dataset/106,direct website browse association; cached source identity
664,106,pubmed,29526696,https://orcs.thebiogrid.org/Dataset/106,direct website browse association; cached source identity
663,106,pubmed,29526696,https://orcs.thebiogrid.org/Dataset/106,direct website browse association; cached source identity
662,106,pubmed,29526696,https://orcs.thebiogrid.org/Dataset/106,direct website browse association; cached source identity
661,106,pubmed,29526696,https://orcs.thebiogrid.org/Dataset/106,direct website browse association; cached source identity
660,106,pubmed,29526696,https://orcs.thebiogrid.org/Dataset/106,direct website browse association; cached source identity
659,106,pubmed,29526696,https://orcs.thebiogrid.org/Dataset/106,direct website browse association; cached source identity
658,106,pubmed,29526696,https://orcs.thebiogrid.org/Dataset/106,direct website browse association; cached source identity
657,106,pubmed,29526696,https://orcs.thebiogrid.org/Dataset/106,direct website browse association; cached source identity
656,106,pubmed,29526696,https://orcs.thebiogrid.org/Dataset/106,direct website browse association; cached source identity
655,106,pubmed,29526696,https://orcs.thebiogrid.org/Dataset/106,direct website browse association; cached source identity
654,106,pubmed,29526696,https://orcs.thebiogrid.org/Dataset/106,direct website browse association; cached source identity
653,106,pubmed,29526696,https://orcs.thebiogrid.org/Dataset/106,direct website browse association; cached source identity
652,106,pubmed,29526696,https://orcs.thebiogrid.org/Dataset/106,direct website browse association; cached source identity
651,106,pubmed,29526696,https://orcs.thebiogrid.org/Dataset/106,direct website browse association; cached source identity
650,106,pubmed,29526696,https://orcs.thebiogrid.org/Dataset/106,direct website browse association; cached source identity
649,106,pubmed,29526696,https://orcs.thebiogrid.org/Dataset/106,direct website browse association; cached source identity
648,106,pubmed,29526696,https://orcs.thebiogrid.org/Dataset/106,direct website browse association; cached source identity
647,106,pubmed,29526696,https://orcs.thebiogrid.org/Dataset/106,direct website browse association; cached source identity
646,106,pubmed,29526696,https://orcs.thebiogrid.org/Dataset/106,direct website browse association; cached source identity
645,106,pubmed,29526696,https://orcs.thebiogrid.org/Dataset/106,direct website browse association; cached source identity
644,106,pubmed,29526696,https://orcs.thebiogrid.org/Dataset/106,direct website browse association; cached source identity
643,106,pubmed,29526696,https://orcs.thebiogrid.org/Dataset/106,direct website browse association; cached source identity
642,106,pubmed,29526696,https://orcs.thebiogrid.org/Dataset/106,direct website browse association; cached source identity
641,106,pubmed,29526696,https://orcs.thebiogrid.org/Dataset/106,direct website browse association; cached source identity
640,106,pubmed,29526696,https://orcs.thebiogrid.org/Dataset/106,direct website browse association; cached source identity
639,106,pubmed,29526696,https://orcs.thebiogrid.org/Dataset/106,direct website browse association; cached source identity
638,104,pubmed,30042095,https://orcs.thebiogrid.org/Dataset/104,direct website browse association; cached source identity
636,103,pubmed,30051818,https://orcs.thebiogrid.org/Dataset/103,direct website browse association; cached source identity
634,103,pubmed,30051818,https://orcs.thebiogrid.org/Dataset/103,direct website browse association; cached source identity
633,103,pubmed,30051818,https://orcs.thebiogrid.org/Dataset/103,direct website browse association; cached source identity
632,102,pubmed,30135075,https://orcs.thebiogrid.org/Dataset/102,direct website browse association; cached source identity
631,101,pubmed,29995852,https://orcs.thebiogrid.org/Dataset/101,direct website browse association; cached source identity
630,100,pubmed,29655804,https://orcs.thebiogrid.org/Dataset/100,direct website browse association; cached source identity
629,81,pubmed,28700943,https://orcs.thebiogrid.org/Dataset/81,direct website browse association; cached source identity
628,17,pubmed,28783722,https://orcs.thebiogrid.org/Dataset/17,direct website browse association; cached source identity
627,17,pubmed,28783722,https://orcs.thebiogrid.org/Dataset/17,direct website browse association; cached source identity
626,17,pubmed,28783722,https://orcs.thebiogrid.org/Dataset/17,direct website browse association; cached source identity
617,34,pubmed,28723893,https://orcs.thebiogrid.org/Dataset/34,direct website browse association; cached source identity
616,34,pubmed,28723893,https://orcs.thebiogrid.org/Dataset/34,direct website browse association; cached source identity
615,34,pubmed,28723893,https://orcs.thebiogrid.org/Dataset/34,direct website browse association; cached source identity
614,77,pubmed,29576454,https://orcs.thebiogrid.org/Dataset/77,direct website browse association; cached source identity
613,77,pubmed,29576454,https://orcs.thebiogrid.org/Dataset/77,direct website browse association; cached source identity
612,80,pubmed,29463564,https://orcs.thebiogrid.org/Dataset/80,direct website browse association; cached source identity
611,19,pubmed,26780180,https://orcs.thebiogrid.org/Dataset/19,direct website browse association; cached source identity
604,19,pubmed,26780180,https://orcs.thebiogrid.org/Dataset/19,direct website browse association; cached source identity
603,19,pubmed,26780180,https://orcs.thebiogrid.org/Dataset/19,direct website browse association; cached source identity
602,19,pubmed,26780180,https://orcs.thebiogrid.org/Dataset/19,direct website browse association; cached source identity
601,19,pubmed,26780180,https://orcs.thebiogrid.org/Dataset/19,direct website browse association; cached source identity
600,19,pubmed,26780180,https://orcs.thebiogrid.org/Dataset/19,direct website browse association; cached source identity
599,34,pubmed,28723893,https://orcs.thebiogrid.org/Dataset/34,direct website browse association; cached source identity
597,76,pubmed,29662178,https://orcs.thebiogrid.org/Dataset/76,direct website browse association; cached source identity
596,19,pubmed,26780180,https://orcs.thebiogrid.org/Dataset/19,direct website browse association; cached source identity
595,19,pubmed,26780180,https://orcs.thebiogrid.org/Dataset/19,direct website browse association; cached source identity
594,19,pubmed,26780180,https://orcs.thebiogrid.org/Dataset/19,direct website browse association; cached source identity
593,73,pubmed,28877469,https://orcs.thebiogrid.org/Dataset/73,direct website browse association; cached source identity
592,73,pubmed,28877469,https://orcs.thebiogrid.org/Dataset/73,direct website browse association; cached source identity
591,73,pubmed,28877469,https://orcs.thebiogrid.org/Dataset/73,direct website browse association; cached source identity
590,73,pubmed,28877469,https://orcs.thebiogrid.org/Dataset/73,direct website browse association; cached source identity
589,73,pubmed,28877469,https://orcs.thebiogrid.org/Dataset/73,direct website browse association; cached source identity
588,73,pubmed,28877469,https://orcs.thebiogrid.org/Dataset/73,direct website browse association; cached source identity
587,73,pubmed,28877469,https://orcs.thebiogrid.org/Dataset/73,direct website browse association; cached source identity
586,73,pubmed,28877469,https://orcs.thebiogrid.org/Dataset/73,direct website browse association; cached source identity
585,19,pubmed,26780180,https://orcs.thebiogrid.org/Dataset/19,direct website browse association; cached source identity
584,19,pubmed,26780180,https://orcs.thebiogrid.org/Dataset/19,direct website browse association; cached source identity
583,73,pubmed,28877469,https://orcs.thebiogrid.org/Dataset/73,direct website browse association; cached source identity
582,72,pubmed,29440296,https://orcs.thebiogrid.org/Dataset/72,direct website browse association; cached source identity
579,5,pubmed,27760321,https://orcs.thebiogrid.org/Dataset/5,direct website browse association; cached source identity
578,5,pubmed,27760321,https://orcs.thebiogrid.org/Dataset/5,direct website browse association; cached source identity
577,5,pubmed,27760321,https://orcs.thebiogrid.org/Dataset/5,direct website browse association; cached source identity
576,5,pubmed,27760321,https://orcs.thebiogrid.org/Dataset/5,direct website browse association; cached source identity
575,5,pubmed,27760321,https://orcs.thebiogrid.org/Dataset/5,direct website browse association; cached source identity
574,5,pubmed,27760321,https://orcs.thebiogrid.org/Dataset/5,direct website browse association; cached source identity
573,16,pubmed,26673326,https://orcs.thebiogrid.org/Dataset/16,direct website browse association; cached source identity
572,16,pubmed,26673326,https://orcs.thebiogrid.org/Dataset/16,direct website browse association; cached source identity
571,16,pubmed,26673326,https://orcs.thebiogrid.org/Dataset/16,direct website browse association; cached source identity
570,16,pubmed,26673326,https://orcs.thebiogrid.org/Dataset/16,direct website browse association; cached source identity
569,10,pubmed,27260156,https://orcs.thebiogrid.org/Dataset/10,direct website browse association; cached source identity
568,10,pubmed,27260156,https://orcs.thebiogrid.org/Dataset/10,direct website browse association; cached source identity
567,10,pubmed,27260156,https://orcs.thebiogrid.org/Dataset/10,direct website browse association; cached source identity
566,10,pubmed,27260156,https://orcs.thebiogrid.org/Dataset/10,direct website browse association; cached source identity
565,10,pubmed,27260156,https://orcs.thebiogrid.org/Dataset/10,direct website browse association; cached source identity
564,10,pubmed,27260156,https://orcs.thebiogrid.org/Dataset/10,direct website browse association; cached source identity
563,10,pubmed,27260156,https://orcs.thebiogrid.org/Dataset/10,direct website browse association; cached source identity
562,10,pubmed,27260156,https://orcs.thebiogrid.org/Dataset/10,direct website browse association; cached source identity
561,10,pubmed,27260156,https://orcs.thebiogrid.org/Dataset/10,direct website browse association; cached source identity
560,10,pubmed,27260156,https://orcs.thebiogrid.org/Dataset/10,direct website browse association; cached source identity
559,10,pubmed,27260156,https://orcs.thebiogrid.org/Dataset/10,direct website browse association; cached source identity
558,10,pubmed,27260156,https://orcs.thebiogrid.org/Dataset/10,direct website browse association; cached source identity
557,10,pubmed,27260156,https://orcs.thebiogrid.org/Dataset/10,direct website browse association; cached source identity
556,10,pubmed,27260156,https://orcs.thebiogrid.org/Dataset/10,direct website browse association; cached source identity
555,10,pubmed,27260156,https://orcs.thebiogrid.org/Dataset/10,direct website browse association; cached source identity
554,10,pubmed,27260156,https://orcs.thebiogrid.org/Dataset/10,direct website browse association; cached source identity
553,10,pubmed,27260156,https://orcs.thebiogrid.org/Dataset/10,direct website browse association; cached source identity
552,10,pubmed,27260156,https://orcs.thebiogrid.org/Dataset/10,direct website browse association; cached source identity
551,10,pubmed,27260156,https://orcs.thebiogrid.org/Dataset/10,direct website browse association; cached source identity
550,10,pubmed,27260156,https://orcs.thebiogrid.org/Dataset/10,direct website browse association; cached source identity
549,10,pubmed,27260156,https://orcs.thebiogrid.org/Dataset/10,direct website browse association; cached source identity
548,10,pubmed,27260156,https://orcs.thebiogrid.org/Dataset/10,direct website browse association; cached source identity
547,10,pubmed,27260156,https://orcs.thebiogrid.org/Dataset/10,direct website browse association; cached source identity
546,10,pubmed,27260156,https://orcs.thebiogrid.org/Dataset/10,direct website browse association; cached source identity
545,10,pubmed,27260156,https://orcs.thebiogrid.org/Dataset/10,direct website browse association; cached source identity
544,10,pubmed,27260156,https://orcs.thebiogrid.org/Dataset/10,direct website browse association; cached source identity
543,10,pubmed,27260156,https://orcs.thebiogrid.org/Dataset/10,direct website browse association; cached source identity
542,10,pubmed,27260156,https://orcs.thebiogrid.org/Dataset/10,direct website browse association; cached source identity
541,10,pubmed,27260156,https://orcs.thebiogrid.org/Dataset/10,direct website browse association; cached source identity
540,10,pubmed,27260156,https://orcs.thebiogrid.org/Dataset/10,direct website browse association; cached source identity
539,10,pubmed,27260156,https://orcs.thebiogrid.org/Dataset/10,direct website browse association; cached source identity
538,10,pubmed,27260156,https://orcs.thebiogrid.org/Dataset/10,direct website browse association; cached source identity
537,10,pubmed,27260156,https://orcs.thebiogrid.org/Dataset/10,direct website browse association; cached source identity
536,41,pubmed,29083409,https://orcs.thebiogrid.org/Dataset/41,direct website browse association; cached source identity
535,41,pubmed,29083409,https://orcs.thebiogrid.org/Dataset/41,direct website browse association; cached source identity
534,41,pubmed,29083409,https://orcs.thebiogrid.org/Dataset/41,direct website browse association; cached source identity
533,41,pubmed,29083409,https://orcs.thebiogrid.org/Dataset/41,direct website browse association; cached source identity
532,41,pubmed,29083409,https://orcs.thebiogrid.org/Dataset/41,direct website browse association; cached source identity
531,41,pubmed,29083409,https://orcs.thebiogrid.org/Dataset/41,direct website browse association; cached source identity
530,41,pubmed,29083409,https://orcs.thebiogrid.org/Dataset/41,direct website browse association; cached source identity
529,41,pubmed,29083409,https://orcs.thebiogrid.org/Dataset/41,direct website browse association; cached source identity
528,41,pubmed,29083409,https://orcs.thebiogrid.org/Dataset/41,direct website browse association; cached source identity
527,41,pubmed,29083409,https://orcs.thebiogrid.org/Dataset/41,direct website browse association; cached source identity
526,41,pubmed,29083409,https://orcs.thebiogrid.org/Dataset/41,direct website browse association; cached source identity
525,41,pubmed,29083409,https://orcs.thebiogrid.org/Dataset/41,direct website browse association; cached source identity
524,41,pubmed,29083409,https://orcs.thebiogrid.org/Dataset/41,direct website browse association; cached source identity
523,41,pubmed,29083409,https://orcs.thebiogrid.org/Dataset/41,direct website browse association; cached source identity
522,41,pubmed,29083409,https://orcs.thebiogrid.org/Dataset/41,direct website browse association; cached source identity
521,41,pubmed,29083409,https://orcs.thebiogrid.org/Dataset/41,direct website browse association; cached source identity
520,41,pubmed,29083409,https://orcs.thebiogrid.org/Dataset/41,direct website browse association; cached source identity
519,41,pubmed,29083409,https://orcs.thebiogrid.org/Dataset/41,direct website browse association; cached source identity
518,41,pubmed,29083409,https://orcs.thebiogrid.org/Dataset/41,direct website browse association; cached source identity
517,41,pubmed,29083409,https://orcs.thebiogrid.org/Dataset/41,direct website browse association; cached source identity
516,41,pubmed,29083409,https://orcs.thebiogrid.org/Dataset/41,direct website browse association; cached source identity
515,41,pubmed,29083409,https://orcs.thebiogrid.org/Dataset/41,direct website browse association; cached source identity
514,41,pubmed,29083409,https://orcs.thebiogrid.org/Dataset/41,direct website browse association; cached source identity
513,41,pubmed,29083409,https://orcs.thebiogrid.org/Dataset/41,direct website browse association; cached source identity
512,41,pubmed,29083409,https://orcs.thebiogrid.org/Dataset/41,direct website browse association; cached source identity
511,41,pubmed,29083409,https://orcs.thebiogrid.org/Dataset/41,direct website browse association; cached source identity
510,41,pubmed,29083409,https://orcs.thebiogrid.org/Dataset/41,direct website browse association; cached source identity
509,41,pubmed,29083409,https://orcs.thebiogrid.org/Dataset/41,direct website browse association; cached source identity
508,67,pubmed,28985567,https://orcs.thebiogrid.org/Dataset/67,direct website browse association; cached source identity
507,67,pubmed,28985567,https://orcs.thebiogrid.org/Dataset/67,direct website browse association; cached source identity
506,67,pubmed,28985567,https://orcs.thebiogrid.org/Dataset/67,direct website browse association; cached source identity
505,67,pubmed,28985567,https://orcs.thebiogrid.org/Dataset/67,direct website browse association; cached source identity
504,67,pubmed,28985567,https://orcs.thebiogrid.org/Dataset/67,direct website browse association; cached source identity
503,67,pubmed,28985567,https://orcs.thebiogrid.org/Dataset/67,direct website browse association; cached source identity
498,41,pubmed,29083409,https://orcs.thebiogrid.org/Dataset/41,direct website browse association; cached source identity
497,41,pubmed,29083409,https://orcs.thebiogrid.org/Dataset/41,direct website browse association; cached source identity
496,41,pubmed,29083409,https://orcs.thebiogrid.org/Dataset/41,direct website browse association; cached source identity
495,41,pubmed,29083409,https://orcs.thebiogrid.org/Dataset/41,direct website browse association; cached source identity
494,41,pubmed,29083409,https://orcs.thebiogrid.org/Dataset/41,direct website browse association; cached source identity
493,41,pubmed,29083409,https://orcs.thebiogrid.org/Dataset/41,direct website browse association; cached source identity
492,41,pubmed,29083409,https://orcs.thebiogrid.org/Dataset/41,direct website browse association; cached source identity
491,41,pubmed,29083409,https://orcs.thebiogrid.org/Dataset/41,direct website browse association; cached source identity
490,41,pubmed,29083409,https://orcs.thebiogrid.org/Dataset/41,direct website browse association; cached source identity
489,41,pubmed,29083409,https://orcs.thebiogrid.org/Dataset/41,direct website browse association; cached source identity
488,41,pubmed,29083409,https://orcs.thebiogrid.org/Dataset/41,direct website browse association; cached source identity
487,41,pubmed,29083409,https://orcs.thebiogrid.org/Dataset/41,direct website browse association; cached source identity
486,41,pubmed,29083409,https://orcs.thebiogrid.org/Dataset/41,direct website browse association; cached source identity
485,41,pubmed,29083409,https://orcs.thebiogrid.org/Dataset/41,direct website browse association; cached source identity
484,41,pubmed,29083409,https://orcs.thebiogrid.org/Dataset/41,direct website browse association; cached source identity
483,41,pubmed,29083409,https://orcs.thebiogrid.org/Dataset/41,direct website browse association; cached source identity
482,41,pubmed,29083409,https://orcs.thebiogrid.org/Dataset/41,direct website browse association; cached source identity
481,41,pubmed,29083409,https://orcs.thebiogrid.org/Dataset/41,direct website browse association; cached source identity
480,41,pubmed,29083409,https://orcs.thebiogrid.org/Dataset/41,direct website browse association; cached source identity
479,41,pubmed,29083409,https://orcs.thebiogrid.org/Dataset/41,direct website browse association; cached source identity
478,41,pubmed,29083409,https://orcs.thebiogrid.org/Dataset/41,direct website browse association; cached source identity
477,41,pubmed,29083409,https://orcs.thebiogrid.org/Dataset/41,direct website browse association; cached source identity
476,41,pubmed,29083409,https://orcs.thebiogrid.org/Dataset/41,direct website browse association; cached source identity
475,41,pubmed,29083409,https://orcs.thebiogrid.org/Dataset/41,direct website browse association; cached source identity
474,41,pubmed,29083409,https://orcs.thebiogrid.org/Dataset/41,direct website browse association; cached source identity
473,41,pubmed,29083409,https://orcs.thebiogrid.org/Dataset/41,direct website browse association; cached source identity
472,41,pubmed,29083409,https://orcs.thebiogrid.org/Dataset/41,direct website browse association; cached source identity
471,41,pubmed,29083409,https://orcs.thebiogrid.org/Dataset/41,direct website browse association; cached source identity
470,41,pubmed,29083409,https://orcs.thebiogrid.org/Dataset/41,direct website browse association; cached source identity
469,41,pubmed,29083409,https://orcs.thebiogrid.org/Dataset/41,direct website browse association; cached source identity
468,41,pubmed,29083409,https://orcs.thebiogrid.org/Dataset/41,direct website browse association; cached source identity
467,41,pubmed,29083409,https://orcs.thebiogrid.org/Dataset/41,direct website browse association; cached source identity
466,41,pubmed,29083409,https://orcs.thebiogrid.org/Dataset/41,direct website browse association; cached source identity
465,41,pubmed,29083409,https://orcs.thebiogrid.org/Dataset/41,direct website browse association; cached source identity
464,41,pubmed,29083409,https://orcs.thebiogrid.org/Dataset/41,direct website browse association; cached source identity
463,41,pubmed,29083409,https://orcs.thebiogrid.org/Dataset/41,direct website browse association; cached source identity
462,41,pubmed,29083409,https://orcs.thebiogrid.org/Dataset/41,direct website browse association; cached source identity
461,41,pubmed,29083409,https://orcs.thebiogrid.org/Dataset/41,direct website browse association; cached source identity
460,41,pubmed,29083409,https://orcs.thebiogrid.org/Dataset/41,direct website browse association; cached source identity
459,41,pubmed,29083409,https://orcs.thebiogrid.org/Dataset/41,direct website browse association; cached source identity
458,41,pubmed,29083409,https://orcs.thebiogrid.org/Dataset/41,direct website browse association; cached source identity
457,41,pubmed,29083409,https://orcs.thebiogrid.org/Dataset/41,direct website browse association; cached source identity
456,41,pubmed,29083409,https://orcs.thebiogrid.org/Dataset/41,direct website browse association; cached source identity
455,41,pubmed,29083409,https://orcs.thebiogrid.org/Dataset/41,direct website browse association; cached source identity
454,41,pubmed,29083409,https://orcs.thebiogrid.org/Dataset/41,direct website browse association; cached source identity
453,41,pubmed,29083409,https://orcs.thebiogrid.org/Dataset/41,direct website browse association; cached source identity
452,41,pubmed,29083409,https://orcs.thebiogrid.org/Dataset/41,direct website browse association; cached source identity
451,41,pubmed,29083409,https://orcs.thebiogrid.org/Dataset/41,direct website browse association; cached source identity
450,41,pubmed,29083409,https://orcs.thebiogrid.org/Dataset/41,direct website browse association; cached source identity
449,41,pubmed,29083409,https://orcs.thebiogrid.org/Dataset/41,direct website browse association; cached source identity
448,41,pubmed,29083409,https://orcs.thebiogrid.org/Dataset/41,direct website browse association; cached source identity
447,41,pubmed,29083409,https://orcs.thebiogrid.org/Dataset/41,direct website browse association; cached source identity
446,41,pubmed,29083409,https://orcs.thebiogrid.org/Dataset/41,direct website browse association; cached source identity
445,41,pubmed,29083409,https://orcs.thebiogrid.org/Dataset/41,direct website browse association; cached source identity
444,41,pubmed,29083409,https://orcs.thebiogrid.org/Dataset/41,direct website browse association; cached source identity
443,41,pubmed,29083409,https://orcs.thebiogrid.org/Dataset/41,direct website browse association; cached source identity
442,41,pubmed,29083409,https://orcs.thebiogrid.org/Dataset/41,direct website browse association; cached source identity
441,41,pubmed,29083409,https://orcs.thebiogrid.org/Dataset/41,direct website browse association; cached source identity
440,41,pubmed,29083409,https://orcs.thebiogrid.org/Dataset/41,direct website browse association; cached source identity
439,41,pubmed,29083409,https://orcs.thebiogrid.org/Dataset/41,direct website browse association; cached source identity
438,41,pubmed,29083409,https://orcs.thebiogrid.org/Dataset/41,direct website browse association; cached source identity
437,41,pubmed,29083409,https://orcs.thebiogrid.org/Dataset/41,direct website browse association; cached source identity
436,41,pubmed,29083409,https://orcs.thebiogrid.org/Dataset/41,direct website browse association; cached source identity
435,41,pubmed,29083409,https://orcs.thebiogrid.org/Dataset/41,direct website browse association; cached source identity
434,41,pubmed,29083409,https://orcs.thebiogrid.org/Dataset/41,direct website browse association; cached source identity
433,41,pubmed,29083409,https://orcs.thebiogrid.org/Dataset/41,direct website browse association; cached source identity
432,41,pubmed,29083409,https://orcs.thebiogrid.org/Dataset/41,direct website browse association; cached source identity
431,41,pubmed,29083409,https://orcs.thebiogrid.org/Dataset/41,direct website browse association; cached source identity
430,41,pubmed,29083409,https://orcs.thebiogrid.org/Dataset/41,direct website browse association; cached source identity
429,41,pubmed,29083409,https://orcs.thebiogrid.org/Dataset/41,direct website browse association; cached source identity
428,41,pubmed,29083409,https://orcs.thebiogrid.org/Dataset/41,direct website browse association; cached source identity
427,41,pubmed,29083409,https://orcs.thebiogrid.org/Dataset/41,direct website browse association; cached source identity
426,41,pubmed,29083409,https://orcs.thebiogrid.org/Dataset/41,direct website browse association; cached source identity
425,41,pubmed,29083409,https://orcs.thebiogrid.org/Dataset/41,direct website browse association; cached source identity
424,41,pubmed,29083409,https://orcs.thebiogrid.org/Dataset/41,direct website browse association; cached source identity
423,41,pubmed,29083409,https://orcs.thebiogrid.org/Dataset/41,direct website browse association; cached source identity
422,41,pubmed,29083409,https://orcs.thebiogrid.org/Dataset/41,direct website browse association; cached source identity
421,41,pubmed,29083409,https://orcs.thebiogrid.org/Dataset/41,direct website browse association; cached source identity
420,41,pubmed,29083409,https://orcs.thebiogrid.org/Dataset/41,direct website browse association; cached source identity
419,41,pubmed,29083409,https://orcs.thebiogrid.org/Dataset/41,direct website browse association; cached source identity
418,41,pubmed,29083409,https://orcs.thebiogrid.org/Dataset/41,direct website browse association; cached source identity
417,62,pubmed,28720733,https://orcs.thebiogrid.org/Dataset/62,direct website browse association; cached source identity
416,41,pubmed,29083409,https://orcs.thebiogrid.org/Dataset/41,direct website browse association; cached source identity
415,41,pubmed,29083409,https://orcs.thebiogrid.org/Dataset/41,direct website browse association; cached source identity
414,41,pubmed,29083409,https://orcs.thebiogrid.org/Dataset/41,direct website browse association; cached source identity
413,41,pubmed,29083409,https://orcs.thebiogrid.org/Dataset/41,direct website browse association; cached source identity
412,41,pubmed,29083409,https://orcs.thebiogrid.org/Dataset/41,direct website browse association; cached source identity
411,41,pubmed,29083409,https://orcs.thebiogrid.org/Dataset/41,direct website browse association; cached source identity
410,41,pubmed,29083409,https://orcs.thebiogrid.org/Dataset/41,direct website browse association; cached source identity
409,41,pubmed,29083409,https://orcs.thebiogrid.org/Dataset/41,direct website browse association; cached source identity
408,41,pubmed,29083409,https://orcs.thebiogrid.org/Dataset/41,direct website browse association; cached source identity
407,41,pubmed,29083409,https://orcs.thebiogrid.org/Dataset/41,direct website browse association; cached source identity
406,41,pubmed,29083409,https://orcs.thebiogrid.org/Dataset/41,direct website browse association; cached source identity
405,35,pubmed,28775154,https://orcs.thebiogrid.org/Dataset/35,direct website browse association; cached source identity
404,41,pubmed,29083409,https://orcs.thebiogrid.org/Dataset/41,direct website browse association; cached source identity
403,41,pubmed,29083409,https://orcs.thebiogrid.org/Dataset/41,direct website browse association; cached source identity
402,41,pubmed,29083409,https://orcs.thebiogrid.org/Dataset/41,direct website browse association; cached source identity
401,41,pubmed,29083409,https://orcs.thebiogrid.org/Dataset/41,direct website browse association; cached source identity
400,41,pubmed,29083409,https://orcs.thebiogrid.org/Dataset/41,direct website browse association; cached source identity
399,41,pubmed,29083409,https://orcs.thebiogrid.org/Dataset/41,direct website browse association; cached source identity
398,41,pubmed,29083409,https://orcs.thebiogrid.org/Dataset/41,direct website browse association; cached source identity
397,41,pubmed,29083409,https://orcs.thebiogrid.org/Dataset/41,direct website browse association; cached source identity
396,41,pubmed,29083409,https://orcs.thebiogrid.org/Dataset/41,direct website browse association; cached source identity
395,41,pubmed,29083409,https://orcs.thebiogrid.org/Dataset/41,direct website browse association; cached source identity
394,41,pubmed,29083409,https://orcs.thebiogrid.org/Dataset/41,direct website browse association; cached source identity
393,41,pubmed,29083409,https://orcs.thebiogrid.org/Dataset/41,direct website browse association; cached source identity
392,41,pubmed,29083409,https://orcs.thebiogrid.org/Dataset/41,direct website browse association; cached source identity
391,41,pubmed,29083409,https://orcs.thebiogrid.org/Dataset/41,direct website browse association; cached source identity
390,41,pubmed,29083409,https://orcs.thebiogrid.org/Dataset/41,direct website browse association; cached source identity
389,41,pubmed,29083409,https://orcs.thebiogrid.org/Dataset/41,direct website browse association; cached source identity
388,41,pubmed,29083409,https://orcs.thebiogrid.org/Dataset/41,direct website browse association; cached source identity
387,41,pubmed,29083409,https://orcs.thebiogrid.org/Dataset/41,direct website browse association; cached source identity
386,41,pubmed,29083409,https://orcs.thebiogrid.org/Dataset/41,direct website browse association; cached source identity
385,41,pubmed,29083409,https://orcs.thebiogrid.org/Dataset/41,direct website browse association; cached source identity
384,41,pubmed,29083409,https://orcs.thebiogrid.org/Dataset/41,direct website browse association; cached source identity
383,41,pubmed,29083409,https://orcs.thebiogrid.org/Dataset/41,direct website browse association; cached source identity
382,41,pubmed,29083409,https://orcs.thebiogrid.org/Dataset/41,direct website browse association; cached source identity
381,41,pubmed,29083409,https://orcs.thebiogrid.org/Dataset/41,direct website browse association; cached source identity
380,41,pubmed,29083409,https://orcs.thebiogrid.org/Dataset/41,direct website browse association; cached source identity
379,41,pubmed,29083409,https://orcs.thebiogrid.org/Dataset/41,direct website browse association; cached source identity
378,41,pubmed,29083409,https://orcs.thebiogrid.org/Dataset/41,direct website browse association; cached source identity
377,41,pubmed,29083409,https://orcs.thebiogrid.org/Dataset/41,direct website browse association; cached source identity
376,41,pubmed,29083409,https://orcs.thebiogrid.org/Dataset/41,direct website browse association; cached source identity
375,41,pubmed,29083409,https://orcs.thebiogrid.org/Dataset/41,direct website browse association; cached source identity
374,41,pubmed,29083409,https://orcs.thebiogrid.org/Dataset/41,direct website browse association; cached source identity
373,41,pubmed,29083409,https://orcs.thebiogrid.org/Dataset/41,direct website browse association; cached source identity
372,41,pubmed,29083409,https://orcs.thebiogrid.org/Dataset/41,direct website browse association; cached source identity
371,58,pubmed,29028833,https://orcs.thebiogrid.org/Dataset/58,direct website browse association; cached source identity
370,41,pubmed,29083409,https://orcs.thebiogrid.org/Dataset/41,direct website browse association; cached source identity
369,41,pubmed,29083409,https://orcs.thebiogrid.org/Dataset/41,direct website browse association; cached source identity
368,41,pubmed,29083409,https://orcs.thebiogrid.org/Dataset/41,direct website browse association; cached source identity
367,41,pubmed,29083409,https://orcs.thebiogrid.org/Dataset/41,direct website browse association; cached source identity
366,41,pubmed,29083409,https://orcs.thebiogrid.org/Dataset/41,direct website browse association; cached source identity
365,41,pubmed,29083409,https://orcs.thebiogrid.org/Dataset/41,direct website browse association; cached source identity
364,41,pubmed,29083409,https://orcs.thebiogrid.org/Dataset/41,direct website browse association; cached source identity
363,41,pubmed,29083409,https://orcs.thebiogrid.org/Dataset/41,direct website browse association; cached source identity
362,41,pubmed,29083409,https://orcs.thebiogrid.org/Dataset/41,direct website browse association; cached source identity
361,41,pubmed,29083409,https://orcs.thebiogrid.org/Dataset/41,direct website browse association; cached source identity
360,41,pubmed,29083409,https://orcs.thebiogrid.org/Dataset/41,direct website browse association; cached source identity
359,41,pubmed,29083409,https://orcs.thebiogrid.org/Dataset/41,direct website browse association; cached source identity
358,41,pubmed,29083409,https://orcs.thebiogrid.org/Dataset/41,direct website browse association; cached source identity
357,41,pubmed,29083409,https://orcs.thebiogrid.org/Dataset/41,direct website browse association; cached source identity
356,41,pubmed,29083409,https://orcs.thebiogrid.org/Dataset/41,direct website browse association; cached source identity
355,41,pubmed,29083409,https://orcs.thebiogrid.org/Dataset/41,direct website browse association; cached source identity
354,41,pubmed,29083409,https://orcs.thebiogrid.org/Dataset/41,direct website browse association; cached source identity
353,41,pubmed,29083409,https://orcs.thebiogrid.org/Dataset/41,direct website browse association; cached source identity
352,41,pubmed,29083409,https://orcs.thebiogrid.org/Dataset/41,direct website browse association; cached source identity
351,41,pubmed,29083409,https://orcs.thebiogrid.org/Dataset/41,direct website browse association; cached source identity
350,41,pubmed,29083409,https://orcs.thebiogrid.org/Dataset/41,direct website browse association; cached source identity
349,41,pubmed,29083409,https://orcs.thebiogrid.org/Dataset/41,direct website browse association; cached source identity
348,41,pubmed,29083409,https://orcs.thebiogrid.org/Dataset/41,direct website browse association; cached source identity
347,41,pubmed,29083409,https://orcs.thebiogrid.org/Dataset/41,direct website browse association; cached source identity
346,41,pubmed,29083409,https://orcs.thebiogrid.org/Dataset/41,direct website browse association; cached source identity
345,55,pubmed,29459677,https://orcs.thebiogrid.org/Dataset/55,direct website browse association; cached source identity
343,41,pubmed,29083409,https://orcs.thebiogrid.org/Dataset/41,direct website browse association; cached source identity
342,41,pubmed,29083409,https://orcs.thebiogrid.org/Dataset/41,direct website browse association; cached source identity
341,41,pubmed,29083409,https://orcs.thebiogrid.org/Dataset/41,direct website browse association; cached source identity
340,41,pubmed,29083409,https://orcs.thebiogrid.org/Dataset/41,direct website browse association; cached source identity
339,41,pubmed,29083409,https://orcs.thebiogrid.org/Dataset/41,direct website browse association; cached source identity
338,41,pubmed,29083409,https://orcs.thebiogrid.org/Dataset/41,direct website browse association; cached source identity
337,41,pubmed,29083409,https://orcs.thebiogrid.org/Dataset/41,direct website browse association; cached source identity
336,41,pubmed,29083409,https://orcs.thebiogrid.org/Dataset/41,direct website browse association; cached source identity
335,41,pubmed,29083409,https://orcs.thebiogrid.org/Dataset/41,direct website browse association; cached source identity
334,41,pubmed,29083409,https://orcs.thebiogrid.org/Dataset/41,direct website browse association; cached source identity
333,41,pubmed,29083409,https://orcs.thebiogrid.org/Dataset/41,direct website browse association; cached source identity
332,41,pubmed,29083409,https://orcs.thebiogrid.org/Dataset/41,direct website browse association; cached source identity
331,41,pubmed,29083409,https://orcs.thebiogrid.org/Dataset/41,direct website browse association; cached source identity
330,41,pubmed,29083409,https://orcs.thebiogrid.org/Dataset/41,direct website browse association; cached source identity
329,41,pubmed,29083409,https://orcs.thebiogrid.org/Dataset/41,direct website browse association; cached source identity
328,41,pubmed,29083409,https://orcs.thebiogrid.org/Dataset/41,direct website browse association; cached source identity
327,41,pubmed,29083409,https://orcs.thebiogrid.org/Dataset/41,direct website browse association; cached source identity
326,41,pubmed,29083409,https://orcs.thebiogrid.org/Dataset/41,direct website browse association; cached source identity
325,41,pubmed,29083409,https://orcs.thebiogrid.org/Dataset/41,direct website browse association; cached source identity
324,41,pubmed,29083409,https://orcs.thebiogrid.org/Dataset/41,direct website browse association; cached source identity
323,41,pubmed,29083409,https://orcs.thebiogrid.org/Dataset/41,direct website browse association; cached source identity
322,41,pubmed,29083409,https://orcs.thebiogrid.org/Dataset/41,direct website browse association; cached source identity
321,41,pubmed,29083409,https://orcs.thebiogrid.org/Dataset/41,direct website browse association; cached source identity
320,41,pubmed,29083409,https://orcs.thebiogrid.org/Dataset/41,direct website browse association; cached source identity
319,41,pubmed,29083409,https://orcs.thebiogrid.org/Dataset/41,direct website browse association; cached source identity
318,41,pubmed,29083409,https://orcs.thebiogrid.org/Dataset/41,direct website browse association; cached source identity
317,41,pubmed,29083409,https://orcs.thebiogrid.org/Dataset/41,direct website browse association; cached source identity
316,41,pubmed,29083409,https://orcs.thebiogrid.org/Dataset/41,direct website browse association; cached source identity
315,41,pubmed,29083409,https://orcs.thebiogrid.org/Dataset/41,direct website browse association; cached source identity
314,41,pubmed,29083409,https://orcs.thebiogrid.org/Dataset/41,direct website browse association; cached source identity
313,41,pubmed,29083409,https://orcs.thebiogrid.org/Dataset/41,direct website browse association; cached source identity
312,41,pubmed,29083409,https://orcs.thebiogrid.org/Dataset/41,direct website browse association; cached source identity
311,41,pubmed,29083409,https://orcs.thebiogrid.org/Dataset/41,direct website browse association; cached source identity
310,41,pubmed,29083409,https://orcs.thebiogrid.org/Dataset/41,direct website browse association; cached source identity
309,41,pubmed,29083409,https://orcs.thebiogrid.org/Dataset/41,direct website browse association; cached source identity
308,41,pubmed,29083409,https://orcs.thebiogrid.org/Dataset/41,direct website browse association; cached source identity
307,41,pubmed,29083409,https://orcs.thebiogrid.org/Dataset/41,direct website browse association; cached source identity
306,41,pubmed,29083409,https://orcs.thebiogrid.org/Dataset/41,direct website browse association; cached source identity
305,41,pubmed,29083409,https://orcs.thebiogrid.org/Dataset/41,direct website browse association; cached source identity
304,41,pubmed,29083409,https://orcs.thebiogrid.org/Dataset/41,direct website browse association; cached source identity
303,41,pubmed,29083409,https://orcs.thebiogrid.org/Dataset/41,direct website browse association; cached source identity
302,41,pubmed,29083409,https://orcs.thebiogrid.org/Dataset/41,direct website browse association; cached source identity
301,41,pubmed,29083409,https://orcs.thebiogrid.org/Dataset/41,direct website browse association; cached source identity
300,41,pubmed,29083409,https://orcs.thebiogrid.org/Dataset/41,direct website browse association; cached source identity
299,41,pubmed,29083409,https://orcs.thebiogrid.org/Dataset/41,direct website browse association; cached source identity
298,41,pubmed,29083409,https://orcs.thebiogrid.org/Dataset/41,direct website browse association; cached source identity
297,41,pubmed,29083409,https://orcs.thebiogrid.org/Dataset/41,direct website browse association; cached source identity
296,41,pubmed,29083409,https://orcs.thebiogrid.org/Dataset/41,direct website browse association; cached source identity
295,41,pubmed,29083409,https://orcs.thebiogrid.org/Dataset/41,direct website browse association; cached source identity
294,41,pubmed,29083409,https://orcs.thebiogrid.org/Dataset/41,direct website browse association; cached source identity
293,41,pubmed,29083409,https://orcs.thebiogrid.org/Dataset/41,direct website browse association; cached source identity
292,41,pubmed,29083409,https://orcs.thebiogrid.org/Dataset/41,direct website browse association; cached source identity
291,41,pubmed,29083409,https://orcs.thebiogrid.org/Dataset/41,direct website browse association; cached source identity
290,41,pubmed,29083409,https://orcs.thebiogrid.org/Dataset/41,direct website browse association; cached source identity
289,41,pubmed,29083409,https://orcs.thebiogrid.org/Dataset/41,direct website browse association; cached source identity
288,41,pubmed,29083409,https://orcs.thebiogrid.org/Dataset/41,direct website browse association; cached source identity
287,41,pubmed,29083409,https://orcs.thebiogrid.org/Dataset/41,direct website browse association; cached source identity
286,41,pubmed,29083409,https://orcs.thebiogrid.org/Dataset/41,direct website browse association; cached source identity
285,41,pubmed,29083409,https://orcs.thebiogrid.org/Dataset/41,direct website browse association; cached source identity
284,41,pubmed,29083409,https://orcs.thebiogrid.org/Dataset/41,direct website browse association; cached source identity
283,41,pubmed,29083409,https://orcs.thebiogrid.org/Dataset/41,direct website browse association; cached source identity
282,41,pubmed,29083409,https://orcs.thebiogrid.org/Dataset/41,direct website browse association; cached source identity
281,41,pubmed,29083409,https://orcs.thebiogrid.org/Dataset/41,direct website browse association; cached source identity
280,41,pubmed,29083409,https://orcs.thebiogrid.org/Dataset/41,direct website browse association; cached source identity
279,41,pubmed,29083409,https://orcs.thebiogrid.org/Dataset/41,direct website browse association; cached source identity
278,41,pubmed,29083409,https://orcs.thebiogrid.org/Dataset/41,direct website browse association; cached source identity
277,41,pubmed,29083409,https://orcs.thebiogrid.org/Dataset/41,direct website browse association; cached source identity
276,41,pubmed,29083409,https://orcs.thebiogrid.org/Dataset/41,direct website browse association; cached source identity
275,41,pubmed,29083409,https://orcs.thebiogrid.org/Dataset/41,direct website browse association; cached source identity
274,41,pubmed,29083409,https://orcs.thebiogrid.org/Dataset/41,direct website browse association; cached source identity
273,41,pubmed,29083409,https://orcs.thebiogrid.org/Dataset/41,direct website browse association; cached source identity
272,41,pubmed,29083409,https://orcs.thebiogrid.org/Dataset/41,direct website browse association; cached source identity
271,41,pubmed,29083409,https://orcs.thebiogrid.org/Dataset/41,direct website browse association; cached source identity
270,41,pubmed,29083409,https://orcs.thebiogrid.org/Dataset/41,direct website browse association; cached source identity
269,41,pubmed,29083409,https://orcs.thebiogrid.org/Dataset/41,direct website browse association; cached source identity
268,41,pubmed,29083409,https://orcs.thebiogrid.org/Dataset/41,direct website browse association; cached source identity
267,41,pubmed,29083409,https://orcs.thebiogrid.org/Dataset/41,direct website browse association; cached source identity
266,41,pubmed,29083409,https://orcs.thebiogrid.org/Dataset/41,direct website browse association; cached source identity
265,41,pubmed,29083409,https://orcs.thebiogrid.org/Dataset/41,direct website browse association; cached source identity
264,41,pubmed,29083409,https://orcs.thebiogrid.org/Dataset/41,direct website browse association; cached source identity
263,41,pubmed,29083409,https://orcs.thebiogrid.org/Dataset/41,direct website browse association; cached source identity
262,41,pubmed,29083409,https://orcs.thebiogrid.org/Dataset/41,direct website browse association; cached source identity
261,41,pubmed,29083409,https://orcs.thebiogrid.org/Dataset/41,direct website browse association; cached source identity
260,41,pubmed,29083409,https://orcs.thebiogrid.org/Dataset/41,direct website browse association; cached source identity
259,41,pubmed,29083409,https://orcs.thebiogrid.org/Dataset/41,direct website browse association; cached source identity
258,41,pubmed,29083409,https://orcs.thebiogrid.org/Dataset/41,direct website browse association; cached source identity
257,41,pubmed,29083409,https://orcs.thebiogrid.org/Dataset/41,direct website browse association; cached source identity
256,41,pubmed,29083409,https://orcs.thebiogrid.org/Dataset/41,direct website browse association; cached source identity
255,41,pubmed,29083409,https://orcs.thebiogrid.org/Dataset/41,direct website browse association; cached source identity
254,41,pubmed,29083409,https://orcs.thebiogrid.org/Dataset/41,direct website browse association; cached source identity
253,41,pubmed,29083409,https://orcs.thebiogrid.org/Dataset/41,direct website browse association; cached source identity
252,41,pubmed,29083409,https://orcs.thebiogrid.org/Dataset/41,direct website browse association; cached source identity
251,41,pubmed,29083409,https://orcs.thebiogrid.org/Dataset/41,direct website browse association; cached source identity
250,41,pubmed,29083409,https://orcs.thebiogrid.org/Dataset/41,direct website browse association; cached source identity
249,41,pubmed,29083409,https://orcs.thebiogrid.org/Dataset/41,direct website browse association; cached source identity
248,41,pubmed,29083409,https://orcs.thebiogrid.org/Dataset/41,direct website browse association; cached source identity
247,41,pubmed,29083409,https://orcs.thebiogrid.org/Dataset/41,direct website browse association; cached source identity
246,41,pubmed,29083409,https://orcs.thebiogrid.org/Dataset/41,direct website browse association; cached source identity
245,41,pubmed,29083409,https://orcs.thebiogrid.org/Dataset/41,direct website browse association; cached source identity
244,41,pubmed,29083409,https://orcs.thebiogrid.org/Dataset/41,direct website browse association; cached source identity
243,41,pubmed,29083409,https://orcs.thebiogrid.org/Dataset/41,direct website browse association; cached source identity
242,41,pubmed,29083409,https://orcs.thebiogrid.org/Dataset/41,direct website browse association; cached source identity
241,41,pubmed,29083409,https://orcs.thebiogrid.org/Dataset/41,direct website browse association; cached source identity
240,41,pubmed,29083409,https://orcs.thebiogrid.org/Dataset/41,direct website browse association; cached source identity
239,41,pubmed,29083409,https://orcs.thebiogrid.org/Dataset/41,direct website browse association; cached source identity
238,41,pubmed,29083409,https://orcs.thebiogrid.org/Dataset/41,direct website browse association; cached source identity
237,41,pubmed,29083409,https://orcs.thebiogrid.org/Dataset/41,direct website browse association; cached source identity
236,41,pubmed,29083409,https://orcs.thebiogrid.org/Dataset/41,direct website browse association; cached source identity
235,41,pubmed,29083409,https://orcs.thebiogrid.org/Dataset/41,direct website browse association; cached source identity
234,41,pubmed,29083409,https://orcs.thebiogrid.org/Dataset/41,direct website browse association; cached source identity
233,41,pubmed,29083409,https://orcs.thebiogrid.org/Dataset/41,direct website browse association; cached source identity
232,41,pubmed,29083409,https://orcs.thebiogrid.org/Dataset/41,direct website browse association; cached source identity
230,41,pubmed,29083409,https://orcs.thebiogrid.org/Dataset/41,direct website browse association; cached source identity
229,41,pubmed,29083409,https://orcs.thebiogrid.org/Dataset/41,direct website browse association; cached source identity
228,41,pubmed,29083409,https://orcs.thebiogrid.org/Dataset/41,direct website browse association; cached source identity
227,41,pubmed,29083409,https://orcs.thebiogrid.org/Dataset/41,direct website browse association; cached source identity
226,41,pubmed,29083409,https://orcs.thebiogrid.org/Dataset/41,direct website browse association; cached source identity
225,41,pubmed,29083409,https://orcs.thebiogrid.org/Dataset/41,direct website browse association; cached source identity
224,41,pubmed,29083409,https://orcs.thebiogrid.org/Dataset/41,direct website browse association; cached source identity
223,41,pubmed,29083409,https://orcs.thebiogrid.org/Dataset/41,direct website browse association; cached source identity
222,41,pubmed,29083409,https://orcs.thebiogrid.org/Dataset/41,direct website browse association; cached source identity
221,41,pubmed,29083409,https://orcs.thebiogrid.org/Dataset/41,direct website browse association; cached source identity
220,41,pubmed,29083409,https://orcs.thebiogrid.org/Dataset/41,direct website browse association; cached source identity
219,41,pubmed,29083409,https://orcs.thebiogrid.org/Dataset/41,direct website browse association; cached source identity
218,41,pubmed,29083409,https://orcs.thebiogrid.org/Dataset/41,direct website browse association; cached source identity
217,41,pubmed,29083409,https://orcs.thebiogrid.org/Dataset/41,direct website browse association; cached source identity
216,41,pubmed,29083409,https://orcs.thebiogrid.org/Dataset/41,direct website browse association; cached source identity
215,41,pubmed,29083409,https://orcs.thebiogrid.org/Dataset/41,direct website browse association; cached source identity
214,41,pubmed,29083409,https://orcs.thebiogrid.org/Dataset/41,direct website browse association; cached source identity
213,41,pubmed,29083409,https://orcs.thebiogrid.org/Dataset/41,direct website browse association; cached source identity
212,41,pubmed,29083409,https://orcs.thebiogrid.org/Dataset/41,direct website browse association; cached source identity
211,41,pubmed,29083409,https://orcs.thebiogrid.org/Dataset/41,direct website browse association; cached source identity
210,41,pubmed,29083409,https://orcs.thebiogrid.org/Dataset/41,direct website browse association; cached source identity
209,41,pubmed,29083409,https://orcs.thebiogrid.org/Dataset/41,direct website browse association; cached source identity
208,41,pubmed,29083409,https://orcs.thebiogrid.org/Dataset/41,direct website browse association; cached source identity
207,41,pubmed,29083409,https://orcs.thebiogrid.org/Dataset/41,direct website browse association; cached source identity
206,41,pubmed,29083409,https://orcs.thebiogrid.org/Dataset/41,direct website browse association; cached source identity
205,41,pubmed,29083409,https://orcs.thebiogrid.org/Dataset/41,direct website browse association; cached source identity
204,41,pubmed,29083409,https://orcs.thebiogrid.org/Dataset/41,direct website browse association; cached source identity
203,41,pubmed,29083409,https://orcs.thebiogrid.org/Dataset/41,direct website browse association; cached source identity
202,41,pubmed,29083409,https://orcs.thebiogrid.org/Dataset/41,direct website browse association; cached source identity
201,41,pubmed,29083409,https://orcs.thebiogrid.org/Dataset/41,direct website browse association; cached source identity
200,41,pubmed,29083409,https://orcs.thebiogrid.org/Dataset/41,direct website browse association; cached source identity
199,41,pubmed,29083409,https://orcs.thebiogrid.org/Dataset/41,direct website browse association; cached source identity
198,41,pubmed,29083409,https://orcs.thebiogrid.org/Dataset/41,direct website browse association; cached source identity
197,41,pubmed,29083409,https://orcs.thebiogrid.org/Dataset/41,direct website browse association; cached source identity
196,41,pubmed,29083409,https://orcs.thebiogrid.org/Dataset/41,direct website browse association; cached source identity
195,41,pubmed,29083409,https://orcs.thebiogrid.org/Dataset/41,direct website browse association; cached source identity
194,41,pubmed,29083409,https://orcs.thebiogrid.org/Dataset/41,direct website browse association; cached source identity
193,41,pubmed,29083409,https://orcs.thebiogrid.org/Dataset/41,direct website browse association; cached source identity
192,41,pubmed,29083409,https://orcs.thebiogrid.org/Dataset/41,direct website browse association; cached source identity
191,41,pubmed,29083409,https://orcs.thebiogrid.org/Dataset/41,direct website browse association; cached source identity
190,41,pubmed,29083409,https://orcs.thebiogrid.org/Dataset/41,direct website browse association; cached source identity
189,41,pubmed,29083409,https://orcs.thebiogrid.org/Dataset/41,direct website browse association; cached source identity
188,41,pubmed,29083409,https://orcs.thebiogrid.org/Dataset/41,direct website browse association; cached source identity
187,41,pubmed,29083409,https://orcs.thebiogrid.org/Dataset/41,direct website browse association; cached source identity
186,41,pubmed,29083409,https://orcs.thebiogrid.org/Dataset/41,direct website browse association; cached source identity
185,41,pubmed,29083409,https://orcs.thebiogrid.org/Dataset/41,direct website browse association; cached source identity
184,41,pubmed,29083409,https://orcs.thebiogrid.org/Dataset/41,direct website browse association; cached source identity
183,47,pubmed,29269392,https://orcs.thebiogrid.org/Dataset/47,direct website browse association; cached source identity
182,47,pubmed,29269392,https://orcs.thebiogrid.org/Dataset/47,direct website browse association; cached source identity
181,41,pubmed,29083409,https://orcs.thebiogrid.org/Dataset/41,direct website browse association; cached source identity
180,41,pubmed,29083409,https://orcs.thebiogrid.org/Dataset/41,direct website browse association; cached source identity
179,41,pubmed,29083409,https://orcs.thebiogrid.org/Dataset/41,direct website browse association; cached source identity
178,45,pubmed,28894007,https://orcs.thebiogrid.org/Dataset/45,direct website browse association; cached source identity
177,30,pubmed,28215525,https://orcs.thebiogrid.org/Dataset/30,direct website browse association; cached source identity
176,30,pubmed,28215525,https://orcs.thebiogrid.org/Dataset/30,direct website browse association; cached source identity
175,30,pubmed,28215525,https://orcs.thebiogrid.org/Dataset/30,direct website browse association; cached source identity
174,30,pubmed,28215525,https://orcs.thebiogrid.org/Dataset/30,direct website browse association; cached source identity
173,30,pubmed,28215525,https://orcs.thebiogrid.org/Dataset/30,direct website browse association; cached source identity
172,30,pubmed,28215525,https://orcs.thebiogrid.org/Dataset/30,direct website browse association; cached source identity
171,26,pubmed,27453484,https://orcs.thebiogrid.org/Dataset/26,direct website browse association; cached source identity
170,26,pubmed,27453484,https://orcs.thebiogrid.org/Dataset/26,direct website browse association; cached source identity
169,26,pubmed,27453484,https://orcs.thebiogrid.org/Dataset/26,direct website browse association; cached source identity
168,26,pubmed,27453484,https://orcs.thebiogrid.org/Dataset/26,direct website browse association; cached source identity
167,24,pubmed,29290584,https://orcs.thebiogrid.org/Dataset/24,direct website browse association; cached source identity
165,24,pubmed,29290584,https://orcs.thebiogrid.org/Dataset/24,direct website browse association; cached source identity
163,24,pubmed,29290584,https://orcs.thebiogrid.org/Dataset/24,direct website browse association; cached source identity
161,24,pubmed,29290584,https://orcs.thebiogrid.org/Dataset/24,direct website browse association; cached source identity
159,6,pubmed,28474669,https://orcs.thebiogrid.org/Dataset/6,direct website browse association; cached source identity
158,6,pubmed,28474669,https://orcs.thebiogrid.org/Dataset/6,direct website browse association; cached source identity
157,6,pubmed,28474669,https://orcs.thebiogrid.org/Dataset/6,direct website browse association; cached source identity
156,5,pubmed,27760321,https://orcs.thebiogrid.org/Dataset/5,direct website browse association; cached source identity
155,5,pubmed,27760321,https://orcs.thebiogrid.org/Dataset/5,direct website browse association; cached source identity
154,5,pubmed,27760321,https://orcs.thebiogrid.org/Dataset/5,direct website browse association; cached source identity
153,22,pubmed,29038160,https://orcs.thebiogrid.org/Dataset/22,direct website browse association; cached source identity
152,21,pubmed,26472758,https://orcs.thebiogrid.org/Dataset/21,direct website browse association; cached source identity
151,21,pubmed,26472758,https://orcs.thebiogrid.org/Dataset/21,direct website browse association; cached source identity
150,21,pubmed,26472758,https://orcs.thebiogrid.org/Dataset/21,direct website browse association; cached source identity
149,21,pubmed,26472758,https://orcs.thebiogrid.org/Dataset/21,direct website browse association; cached source identity
145,20,pubmed,28445693,https://orcs.thebiogrid.org/Dataset/20,direct website browse association; cached source identity
143,18,pubmed,27869803,https://orcs.thebiogrid.org/Dataset/18,direct website browse association; cached source identity
142,18,pubmed,27869803,https://orcs.thebiogrid.org/Dataset/18,direct website browse association; cached source identity
141,18,pubmed,27869803,https://orcs.thebiogrid.org/Dataset/18,direct website browse association; cached source identity
139,9,pubmed,25494202,https://orcs.thebiogrid.org/Dataset/9,direct website browse association; cached source identity
104,1,pubmed,24336569,https://orcs.thebiogrid.org/Dataset/1,direct website browse association; cached source identity
103,1,pubmed,24336569,https://orcs.thebiogrid.org/Dataset/1,direct website browse association; cached source identity
102,13,pubmed,28145866,https://orcs.thebiogrid.org/Dataset/13,direct website browse association; cached source identity
101,13,pubmed,28145866,https://orcs.thebiogrid.org/Dataset/13,direct website browse association; cached source identity
100,13,pubmed,28145866,https://orcs.thebiogrid.org/Dataset/13,direct website browse association; cached source identity
96,15,pubmed,24336571,https://orcs.thebiogrid.org/Dataset/15,direct website browse association; cached source identity
95,15,pubmed,24336571,https://orcs.thebiogrid.org/Dataset/15,direct website browse association; cached source identity
94,15,pubmed,24336571,https://orcs.thebiogrid.org/Dataset/15,direct website browse association; cached source identity
93,15,pubmed,24336571,https://orcs.thebiogrid.org/Dataset/15,direct website browse association; cached source identity
89,14,pubmed,28611215,https://orcs.thebiogrid.org/Dataset/14,direct website browse association; cached source identity
85,13,pubmed,28145866,https://orcs.thebiogrid.org/Dataset/13,direct website browse association; cached source identity
84,12,pubmed,28162770,https://orcs.thebiogrid.org/Dataset/12,direct website browse association; cached source identity
83,12,pubmed,28162770,https://orcs.thebiogrid.org/Dataset/12,direct website browse association; cached source identity
82,12,pubmed,28162770,https://orcs.thebiogrid.org/Dataset/12,direct website browse association; cached source identity
81,12,pubmed,28162770,https://orcs.thebiogrid.org/Dataset/12,direct website browse association; cached source identity
80,12,pubmed,28162770,https://orcs.thebiogrid.org/Dataset/12,direct website browse association; cached source identity
79,12,pubmed,28162770,https://orcs.thebiogrid.org/Dataset/12,direct website browse association; cached source identity
78,12,pubmed,28162770,https://orcs.thebiogrid.org/Dataset/12,direct website browse association; cached source identity
77,12,pubmed,28162770,https://orcs.thebiogrid.org/Dataset/12,direct website browse association; cached source identity
76,12,pubmed,28162770,https://orcs.thebiogrid.org/Dataset/12,direct website browse association; cached source identity
75,12,pubmed,28162770,https://orcs.thebiogrid.org/Dataset/12,direct website browse association; cached source identity
74,12,pubmed,28162770,https://orcs.thebiogrid.org/Dataset/12,direct website browse association; cached source identity
73,12,pubmed,28162770,https://orcs.thebiogrid.org/Dataset/12,direct website browse association; cached source identity
72,12,pubmed,28162770,https://orcs.thebiogrid.org/Dataset/12,direct website browse association; cached source identity
71,12,pubmed,28162770,https://orcs.thebiogrid.org/Dataset/12,direct website browse association; cached source identity
70,12,pubmed,28162770,https://orcs.thebiogrid.org/Dataset/12,direct website browse association; cached source identity
69,12,pubmed,28162770,https://orcs.thebiogrid.org/Dataset/12,direct website browse association; cached source identity
68,12,pubmed,28162770,https://orcs.thebiogrid.org/Dataset/12,direct website browse association; cached source identity
67,12,pubmed,28162770,https://orcs.thebiogrid.org/Dataset/12,direct website browse association; cached source identity
66,12,pubmed,28162770,https://orcs.thebiogrid.org/Dataset/12,direct website browse association; cached source identity
65,11,pubmed,28494239,https://orcs.thebiogrid.org/Dataset/11,direct website browse association; cached source identity
64,11,pubmed,28494239,https://orcs.thebiogrid.org/Dataset/11,direct website browse association; cached source identity
29,2,pubmed,26627737,https://orcs.thebiogrid.org/Dataset/2,direct website browse association; cached source identity
28,2,pubmed,26627737,https://orcs.thebiogrid.org/Dataset/2,direct website browse association; cached source identity
27,2,pubmed,26627737,https://orcs.thebiogrid.org/Dataset/2,direct website browse association; cached source identity
26,9,pubmed,25494202,https://orcs.thebiogrid.org/Dataset/9,direct website browse association; cached source identity
25,9,pubmed,25494202,https://orcs.thebiogrid.org/Dataset/9,direct website browse association; cached source identity
24,6,pubmed,28474669,https://orcs.thebiogrid.org/Dataset/6,direct website browse association; cached source identity
18,7,pubmed,27159373,https://orcs.thebiogrid.org/Dataset/7,direct website browse association; cached source identity
17,2,pubmed,26627737,https://orcs.thebiogrid.org/Dataset/2,direct website browse association; cached source identity
16,2,pubmed,26627737,https://orcs.thebiogrid.org/Dataset/2,direct website browse association; cached source identity
6,3,pubmed,25307932,https://orcs.thebiogrid.org/Dataset/3,direct website browse association; cached source identity
5,3,pubmed,25307932,https://orcs.thebiogrid.org/Dataset/3,direct website browse association; cached source identity
2,1,pubmed,24336569,https://orcs.thebiogrid.org/Dataset/1,direct website browse association; cached source identity
1,1,pubmed,24336569,https://orcs.thebiogrid.org/Dataset/1,direct website browse association; cached source identity
